ZTFID,OID
ZTF23aaohfxx,848210100024300
ZTF23aanzbtf,636210200038831
ZTF23aanxepa,480209400003036
ZTF23aantmqa,863214200005956
ZTF23aansrmz,796206100020920
ZTF23aanpqba,585211400041103
ZTF23aamzucf,681201100041745
ZTF23aamzljd,532209300026569
ZTF23aamzcfe,796214100032247
ZTF23aamwsrh,652207300025777
ZTF23aamvyyl,531206200034319
ZTF23aamqzyz,823215300032408
ZTF23aamqtel,579203100001061
ZTF23aamlodm,719209200028765
ZTF23aamamlv,821211300007527
ZTF23aakyoji,476203400014413
ZTF23aakstht,796203300001465
ZTF23aakrngt,629201300010118
ZTF23aakrkjt,479214300013338
ZTF23aakokgz,789207100021130
ZTF23aakmqlj,728211300040740
ZTF23aakcbfv,728214400047685
ZTF23aakbqgc,577214400030389
ZTF23aakbjqx,476209300010977
ZTF23aakaqht,526211200000520
ZTF23aajmpsa,532215300015180
ZTF23aajkisd,643206400035869
ZTF23aajjddh,425214100035458
ZTF23aajiucf,426207300006927
ZTF23aajaygo,726212400007907
ZTF23aaizmza,422207100019965
ZTF23aaizjbj,477215200018296
ZTF23aaiytpy,674202300037369
ZTF23aaiypww,577208400020276
ZTF23aaiwxqy,375212400033991
ZTF23aaiwvdh,848212100012810
ZTF23aaiwunc,724209300014802
ZTF23aaiwlzm,677214100023272
ZTF23aaiwfuq,627207100025360
ZTF23aailodz,583211200001186
ZTF23aaijkwo,374206100002489
ZTF23aaijgnu,795201300009468
ZTF23aaialcw,475203100015206
ZTF23aahzyls,576215200011515
ZTF23aagqyym,710204300018174
ZTF23aagmbuf,849213200010202
ZTF23aagkutf,788207300018129
ZTF23aafwykt,722209300025839
ZTF23aafvqat,755205300006740
ZTF23aafrhew,799213400026856
ZTF23aafratn,585203300011073
ZTF23aafqzkn,765201100042482
ZTF23aafhfwx,581211300000196
ZTF23aaeyqoa,273214300030642
ZTF23aaeyncp,754202100008164
ZTF23aaeqsvb,582211300016452
ZTF23aaeqhkx,581207200019779
ZTF23aaenexu,756214100012151
ZTF23aaencty,633210400013121
ZTF23aaemnzd,372207200013731
ZTF23aaemgsd,318216400011504
ZTF23aaemepn,817206100006073
ZTF23aaelqpq,418213300012673
ZTF23aaekkai,592206200106857
ZTF23aaekejj,588213100043414
ZTF23aaejwkh,864201400001771
ZTF23aaejvzv,723216400009063
ZTF23aaedvtn,816209200008304
ZTF23aaecgwh,583209300009400
ZTF23aaecexq,678216400013703
ZTF23aaeavsh,581209200008373
ZTF23aaeardk,473212100007909
ZTF23aadxxrd,369207300000952
ZTF23aadxrid,622212100009729
ZTF23aadwjtg,468203100035392
ZTF23aadwigb,668207400005675
ZTF23aadwfed,418201400003822
ZTF23aadtzse,374205300031904
ZTF23aadtvmb,872208400010591
ZTF23aadtqlt,525213400037824
ZTF23aadrtlp,473211400009434
ZTF23aadmwpn,663202200025880
ZTF23aadjwkw,791209300012009
ZTF23aadjpsn,271206400032142
ZTF23aadjhyj,371210400026466
ZTF23aadaxfn,788211400032733
ZTF23aacydwa,463213100033914
ZTF23aaccacy,706202200026874
ZTF23aabutwh,584207100038980
ZTF23aabrftw,862216400017524
ZTF23aabnyfa,712203200026744
ZTF23aabmevr,1739211200035061
ZTF23aablgzj,532212200026496
ZTF23aabksje,319209200031041
ZTF23aabbsdi,783207300034184
ZTF23aabasoe,516211400036680
ZTF23aaazffe,677201400042484
ZTF23aaayzbm,374204400013536
ZTF23aaawbmw,763206400014868
ZTF23aaavsyk,530208400003193
ZTF23aaatrek,838216100022249
ZTF23aaapokf,754203200002151
ZTF23aaapldg,264211200024022
ZTF23aaakutq,792212200011956
ZTF23aaaknoj,522212200025602
ZTF23aaahtnj,271213400009456
ZTF23aaagncz,784211300000563
ZTF23aaabzea,375203300006172
ZTF23aaaboss,319206200024661
ZTF23aaabewy,714211200004288
ZTF23aaabctl,465207100014233
ZTF22acbacvy,323204200001726
ZTF22acaunur,582216400018484
ZTF22acalffo,505210200012373
ZTF22acadszu,839212100019284
ZTF22acablwr,302203200014145
ZTF22abzejiv,403210100022474
ZTF22abyrlaw,449215400020609
ZTF22abyokkf,629206200014740
ZTF22abyokjo,760212200018781
ZTF22abynpmq,837213300014620
ZTF22abyngnw,257208400039599
ZTF22abylrge,447214200002995
ZTF22abyknqs,820205100020600
ZTF22abyhxlj,296214400004400
ZTF22abyergl,256215300015515
ZTF22abybbud,663216400034564
ZTF22abxlqvc,579210100007279
ZTF22abxkfjy,713204400044667
ZTF22abxgnre,355203400031131
ZTF22abuygtu,463205400038085
ZTF22abuqitl,349209300003137
ZTF22abubrek,446216300010195
ZTF22abtsypf,706207200010427
ZTF22abtsqjo,363206300028188
ZTF22abtslvh,748211300018041
ZTF22abtomri,842208300005507
ZTF22abtlaew,645212400021647
ZTF22abteujl,503206100030379
ZTF22abtcyos,419207300018149
ZTF22abtctzp,754215200005703
ZTF22abtctvo,785211300018778
ZTF22abtcsar,365213300016342
ZTF22abtcpig,775201200042347
ZTF22abtcphd,775206300033362
ZTF22abtbijr,709215200026110
ZTF22absxaxv,364205200007092
ZTF22abswuoz,711205300015422
ZTF22abstcjq,526206100013472
ZTF22absstju,572205100015289
ZTF22abssiet,787210200028506
ZTF22absqvgm,464204400024819
ZTF22absqpsa,748201400005648
ZTF22abseymh,1735216400027006
ZTF22abrreei,819205300002619
ZTF22abrborz,781205300007093
ZTF22abqyiaa,246206200010187
ZTF22abqiyik,691202400006874
ZTF22abqbqty,346215300012830
ZTF22abpydmh,776208400045224
ZTF22abpyder,505205400020407
ZTF22abpulqo,515202100030206
ZTF22aboloxt,546206200027877
ZTF22abodqjf,600208400031257
ZTF22abobhmn,850202200017773
ZTF22abnvncn,713212300035307
ZTF22abnvmzz,362202400025041
ZTF22abnuakd,655205400019320
ZTF22abntdem,696208100002684
ZTF22abnpsou,624203400024947
ZTF22abnoofs,456207200008807
ZTF22abnmpwx,440214100013609
ZTF22abnlwjv,787207400037062
ZTF22abniami,689209100036721
ZTF22abngjlt,493207100041406
ZTF22abnfgcn,574205100021547
ZTF22abnemvx,710206300031730
ZTF22abnehge,619216400041650
ZTF22abmygmc,302213300012322
ZTF22abmxzxm,452209200028137
ZTF22abmwonm,733209100020439
ZTF22abmnzfh,417214200031545
ZTF22abmiohu,301205100015707
ZTF22abmfmng,569208200017528
ZTF22abmdqzf,353201200031866
ZTF22abmcnmz,766213400048228
ZTF22abmcfrc,643214400025045
ZTF22abkybyq,698208100016459
ZTF22abkxbeo,449202400029306
ZTF22abkpkej,348213300008008
ZTF22abkpgye,406212300026270
ZTF22abkjegi,696205100001102
ZTF22abkdzvi,390206300038909
ZTF22abkbjsb,568205200037903
ZTF22abkaaje,662213200026552
ZTF22abjzweh,749202300011186
ZTF22abjpfpl,304203300018243
ZTF22abizuah,413212200018920
ZTF22abizgac,552203300003483
ZTF22abiysva,500202100021653
ZTF22abiyeae,504208400012830
ZTF22abiwwyf,500204300027017
ZTF22abiwpck,549201400015803
ZTF22abivqkc,441205300024878
ZTF22abivkuq,724216400025359
ZTF22abivebe,636216100034934
ZTF22abitewv,614206400034934
ZTF22abiozoc,848204100013651
ZTF22abibgsa,395205300003595
ZTF22abhyzjq,546215400014614
ZTF22abhxptj,727211100039825
ZTF22abhvfio,601213200017967
ZTF22abhsxph,857212300020354
ZTF22abhldat,645208100040974
ZTF22abhjdlx,781209300023512
ZTF22abgndif,555205400027697
ZTF22abgiayt,388201200030899
ZTF22abgdjwt,335209400038813
ZTF22abfzarj,744213400019359
ZTF22abfzaqd,857207300007305
ZTF22abfzaed,699212400029158
ZTF22abfyyew,296203100006720
ZTF22abfyrxh,500210300020955
ZTF22abfynfa,294211400011974
ZTF22abfwxtr,600202300021524
ZTF22abfwthv,391213300012373
ZTF22abfwihc,727210100063431
ZTF22abfwign,799202200025134
ZTF22abfweew,763201100031069
ZTF22abfvxlz,441213300015734
ZTF22abfvvpv,340202100026902
ZTF22abfvsbt,761214200023473
ZTF22abfviaz,493207200001921
ZTF22abfuyqr,440202300022090
ZTF22abfuwel,596203300011066
ZTF22abftfug,349204100020253
ZTF22abfskre,501213400014443
ZTF22abfrbnl,645212400006296
ZTF22abfoehf,681214300043238
ZTF22abfjlue,688207400103092
ZTF22abeyzcl,848207300038693
ZTF22abewvtv,462206300035805
ZTF22abeipbi,537207200039767
ZTF22abeioig,633215200020458
ZTF22abegteh,401202300019077
ZTF22abecbbd,349215100036799
ZTF22abdxjhr,442204300008228
ZTF22abdstgi,294205100004322
ZTF22abdlnkm,651215100004053
ZTF22abdjqlm,796209200025493
ZTF22abddvec,492213400020287
ZTF22abcvfgs,388215200014430
ZTF22abcsiqk,406210100007910
ZTF22abclcse,505206400032480
ZTF22abcknjm,352204100031058
ZTF22abckjon,399201100030957
ZTF22abcfics,538216300005417
ZTF22abcckha,345207400018393
ZTF22abbtjlb,290215300012075
ZTF22abbmemk,826201200007757
ZTF22abbaqil,394210300023379
ZTF22abawyul,245208100006370
ZTF22abavsqq,601216200004281
ZTF22abaucrh,547201400022764
ZTF22abatsqa,876211200020354
ZTF22abatqod,584215300006297
ZTF22abaqzcm,605206200000120
ZTF22abanxam,632210200006440
ZTF22abakeha,532209400025028
ZTF22abakcfy,484208200030482
ZTF22abaiyyz,645202100015375
ZTF22abaette,847202200038906
ZTF22aazjqtu,453211200011664
ZTF22aazjiam,447203400012068
ZTF22aazjgoi,601216100004936
ZTF22aazgaus,585202200040406
ZTF22aazeagq,601216300014325
ZTF22aazbxmi,865215200001429
ZTF22aayvaoa,299201100013352
ZTF22aaypvib,650202300024806
ZTF22aayobas,489206100094035
ZTF22aaynvgi,597206100015364
ZTF22aaymjam,545210100001382
ZTF22aaylnhq,485212300020937
ZTF22aayjzmc,398210300016989
ZTF22aayfpso,698213400030019
ZTF22aaycdbt,338202300003513
ZTF22aaxklbk,632207200013206
ZTF22aaxfqka,391202300016588
ZTF22aawzdti,694203400017755
ZTF22aawtunt,633212400011146
ZTF22aawfjnt,503211400009085
ZTF22aawfeov,553211200013278
ZTF22aawcmcr,734203400028524
ZTF22aavpkwo,682201100027792
ZTF22aaveqbx,541201200049820
ZTF22aavcvgd,826207200011857
ZTF22aavbezc,553216400000584
ZTF22aausgkx,292208300028478
ZTF22aauhism,866213100030642
ZTF22aaudftc,441203200008167
ZTF22aaudeny,390213300018814
ZTF22aatuxjc,551206300009151
ZTF22aatunnt,493209200016707
ZTF22aatuatn,725203300042073
ZTF22aattwsv,286214400022031
ZTF22aatnyqk,633202100035957
ZTF22aatlhve,622206300015244
ZTF22aataizc,631216300025380
ZTF22aasojye,772213300039732
ZTF22aasmlyn,330205400151264
ZTF22aasmgbb,719202400015187
ZTF22aaskqie,501211400015389
ZTF22aasdtcq,772205300024551
ZTF22aarwwyy,648204400006405
ZTF22aarwtqp,596216100036926
ZTF22aarvtbb,824211400038354
ZTF22aartmuz,646215300026016
ZTF22aarrbne,727214400041240
ZTF22aarqrxf,533213200006012
ZTF22aarbard,490205300059049
ZTF22aaqrszt,548205100002409
ZTF22aaqhirm,587208300008619
ZTF22aapqaqe,849206200033547
ZTF22aapmmtu,683209200037167
ZTF22aapkbkl,647213200010054
ZTF22aapaavr,629208200013628
ZTF22aaozpun,679207300028086
ZTF22aaotgrc,684214100053495
ZTF22aaoskwd,676206100010650
ZTF22aaosjja,579209200009047
ZTF22aaorkwk,495212100029815
ZTF22aaoqfsm,864201100018629
ZTF22aaoolua,550209400030002
ZTF22aaonqcc,588214200061049
ZTF22aaolcan,822211400004668
ZTF22aaojclr,480215100036786
ZTF22aaoidkm,674207300006869
ZTF22aaohzok,378213200012583
ZTF22aaohmcv,631203400008695
ZTF22aaoewrn,635211200004895
ZTF22aanzrlh,681216100043761
ZTF22aanwibf,580201400014963
ZTF22aankxcq,646202200033572
ZTF22aanesux,724214400026473
ZTF22aamuuez,534207300001332
ZTF22aamtomc,791215400010680
ZTF22aamrkns,338201100016208
ZTF22aamrhna,391215400027689
ZTF22aamjqvc,580214400011443
ZTF22aamgpzz,337211300040517
ZTF22aamfwtc,637208400054499
ZTF22aamfvrs,849201300031391
ZTF22aamdxkj,683204400044752
ZTF22aambnsg,796209400041043
ZTF22aambfit,535201300026241
ZTF22aambeqv,484203200050547
ZTF22aalzyzl,844202400020449
ZTF22aalyumh,476205100023180
ZTF22aalwnzj,761212400012611
ZTF22aalwghb,432213100024762
ZTF22aalvmic,635207300028985
ZTF22aaluvun,728211100009319
ZTF22aalunvy,586216100009356
ZTF22aallgci,391206100035690
ZTF22aaldrem,375211100007809
ZTF22aaksdvi,439203300049139
ZTF22aakrimd,676213300017728
ZTF22aakqvzc,630210100010910
ZTF22aakqruk,820210200005890
ZTF22aakpwqf,624204300042525
ZTF22aaknrtp,683205400013021
ZTF22aaknmbw,795215300008549
ZTF22aaknhja,633207200004432
ZTF22aakmtrc,529213200009785
ZTF22aaketce,481216400010995
ZTF22aakemmo,676206100019917
ZTF22aakejxf,524202100033271
ZTF22aakbzzl,390210100031897
ZTF22aakaygk,533201100016532
ZTF22aajsqdv,732210400039145
ZTF22aajrrzz,583205400025326
ZTF22aajpzwm,766214100037167
ZTF22aajpgof,327202300026647
ZTF22aajowwt,325214300009697
ZTF22aajnffd,627205200003320
ZTF22aajlruz,719214100020518
ZTF22aajjawt,679215400041333
ZTF22aajigho,480214400013593
ZTF22aajhlat,860212200002562
ZTF22aajhkpo,670205200033997
ZTF22aajhiri,369209100016595
ZTF22aajakms,798203200006445
ZTF22aaimbfz,754214400012984
ZTF22aaijrul,545208200012152
ZTF22aaijrcl,441203300021382
ZTF22aaijnqy,763201200028876
ZTF22aahygkd,480210200009136
ZTF22aahwcya,751210100016078
ZTF22aahjayr,762207400002910
ZTF22aahieds,533201400027657
ZTF22aahhlnd,474209200022069
ZTF22aahhgue,789205200008824
ZTF22aahftli,827206100017050
ZTF22aahebcu,792216200017156
ZTF22aagvgwl,473214400036887
ZTF22aagtxzo,619203200013465
ZTF22aafnqfz,717210400016310
ZTF22aafffpq,371211100006247
ZTF22aaffaah,571203300006167
ZTF22aafdaai,572208100032446
ZTF22aaezyos,758203300018448
ZTF22aaezdtd,474203300008482
ZTF22aaeviey,788208100015621
ZTF22aaettxg,799205300025628
ZTF22aaetqzk,725212100012922
ZTF22aaemhwl,842202200022030
ZTF22aaemgsl,581211200028256
ZTF22aaecdin,371205400005408
ZTF22aaebkwd,628207400013569
ZTF22aaeasul,273212200028898
ZTF22aadqlhy,377215400035775
ZTF22aadolby,848206100023110
ZTF22aadnqsf,373203400023228
ZTF22aadlnaf,621210200005396
ZTF22aadkocy,316209400016759
ZTF22aadgsdi,765204300012300
ZTF22aadghdv,585203100042587
ZTF22aadfbim,673216300011684
ZTF22aadeurv,676211400036465
ZTF22aadetzg,677201400042430
ZTF22aadesjc,721215200004670
ZTF22aadephk,756209100029676
ZTF22aacwsjl,520205300013480
ZTF21acpzlho,449214300025507
ZTF21acoqbuo,413203300031089
ZTF21acojncf,474205200014036
ZTF21acnveyk,364211100011165
ZTF21acngvxd,524211300027944
ZTF21acmnpqa,842209300035125
ZTF21aclzvgz,861207200009990
ZTF21acljfzt,469201300006092
ZTF21ackrvob,456213100022374
ZTF21ackcxql,549210300020539
ZTF21acjvgxg,663215200011090
ZTF21acjrfhr,296201200010260
ZTF21acjqhou,524213300036472
ZTF21acjosix,788210100004929
ZTF21acjnzdh,858211200005013
ZTF21acjnajt,872204400001611
ZTF21acjmvhx,355201300016045
ZTF21acjglei,653203200039010
ZTF21acjdwfe,692214200014822
ZTF21acjbcqw,340214300040011
ZTF21aciwkzc,551214400015796
ZTF21aciuvmg,499213100009411
ZTF21aciuhyy,601216200035637
ZTF21acisemu,549203100015427
ZTF21acipmgw,517211300027883
ZTF21acipdhn,860214300012040
ZTF21acioxcf,514211100043774
ZTF21aciouwz,413214300004868
ZTF21acionva,747208300024322
ZTF21acioiha,840216200008005
ZTF21aciobmz,745214100013838
ZTF21acinvvh,406214200018927
ZTF21acilvjb,552203400009001
ZTF21acidhhs,751210100008144
ZTF21achzpyc,798213400036326
ZTF21achujxq,572215400019219
ZTF21achrlmg,295202200025883
ZTF21achqzub,599208100031434
ZTF21achpuoa,490216300075524
ZTF21achlxxo,856201100002858
ZTF21achlshg,649201300005912
ZTF21achiyue,518202300017416
ZTF21achhwdz,614210400026069
ZTF21achbgdo,849211100008474
ZTF21achaxze,388211400000195
ZTF21achaxmt,684206100031762
ZTF21acgyzel,296202100013341
ZTF21acgupte,617201300013139
ZTF21acguaen,786215400016889
ZTF21acgrrnl,746216300036024
ZTF21acgnagk,599202200029608
ZTF21acfgjiw,552202300021373
ZTF21acfflog,601206200030518
ZTF21acfccil,391203300021404
ZTF21aceyqog,301216200008832
ZTF21aceqgbv,858202100009222
ZTF21acempzi,340207100013758
ZTF21acefbte,710211100016275
ZTF21acdykpb,542213200034857
ZTF21acdvban,350210200004029
ZTF21acdqgns,597211400014672
ZTF21acdkxcr,586212300007632
ZTF21acdenty,588209100068486
ZTF21acdalyp,547209100013788
ZTF21accwovq,407203300014120
ZTF21accwcrh,557201300025628
ZTF21accuexh,504215400008835
ZTF21accteto,649202400036786
ZTF21accibae,448204300019341
ZTF21acchwaw,695209400003362
ZTF21acchbmn,647209400024306
ZTF21accgsbf,444203100027820
ZTF21accfbyj,567202400013175
ZTF21acbxtqq,662206300023660
ZTF21acbxtir,815203400027786
ZTF21acbvwej,400209200004449
ZTF21acbjxhr,499212100002100
ZTF21acbgcma,680207200025366
ZTF21acaszik,597211100027893
ZTF21acasrer,683215400023029
ZTF21acapxdf,700208400042991
ZTF21acagtdn,799203100039377
ZTF21acaeoms,661213300023761
ZTF21acaegsr,354202300004306
ZTF21abzywja,681211400002072
ZTF21abzkgvc,404209400033191
ZTF21abzithf,601205200006982
ZTF21abzcpiw,355203100025798
ZTF21abzciqh,602210200023287
ZTF21abzbuvf,397207200011927
ZTF21abyvjeq,440210200017162
ZTF21abyonuw,646215400007276
ZTF21abyguqw,406215200012606
ZTF21abyfxqr,552204400015503
ZTF21abybnni,391211200016626
ZTF21abxzzys,723204200011002
ZTF21abxnjeg,353205400000581
ZTF21abxlmuw,553215200011247
ZTF21abxknvv,394206300015058
ZTF21abxjcdc,391207400039421
ZTF21abxdibe,249212200015811
ZTF21abxdcmp,504205300010846
ZTF21abwzpgf,649206100035957
ZTF21abwxhje,341212400004876
ZTF21abwxaht,643209400030651
ZTF21abwukki,651207400014537
ZTF21abwqopp,827205100029929
ZTF21abwprfj,537216300013444
ZTF21abwjibi,391201400014781
ZTF21abwgpgt,823214100009575
ZTF21abwfnru,795203100035497
ZTF21abwcned,501205200011051
ZTF21abvxguf,352206400016748
ZTF21abvvuhm,343215300008661
ZTF21abvvivq,393205300028316
ZTF21abvtfxn,288207300009185
ZTF21abviabc,295214400004972
ZTF21abvcuhk,349213200025969
ZTF21abvctva,299211400022129
ZTF21abvcarc,598202200037323
ZTF21abvbhul,683202400006303
ZTF21abuyhau,722202300032241
ZTF21abulsgn,748216300010492
ZTF21abukwfl,392209200019838
ZTF21abujgmr,848216100003836
ZTF21abujejr,726214200000722
ZTF21abujefa,724210100008153
ZTF21abufayv,601205400007655
ZTF21abtzmlz,634206200007168
ZTF21abtwvyl,500206300015536
ZTF21abtuutw,396202300003571
ZTF21abtsoky,848206100009243
ZTF21abtorlk,454205300016126
ZTF21abtgbwr,493211100015329
ZTF21absbwyz,534207100001001
ZTF21abrzsol,400204300023275
ZTF21abrzdqx,450201200011534
ZTF21abrxwvv,441204300011817
ZTF21abrxgiv,735202300010774
ZTF21abrskvb,491211400024459
ZTF21abrpdsp,507209100009025
ZTF21abrotmc,544201300028725
ZTF21abrluay,651207400012737
ZTF21abqvzjy,506202100009617
ZTF21abqjjrb,395207400023740
ZTF21abqikvn,698215300040274
ZTF21abqgbau,284214100111882
ZTF21abqfttg,637211400028536
ZTF21abpxsck,348207400021770
ZTF21abpwtde,599205200032104
ZTF21abpvssa,733213400003472
ZTF21abpjpxr,597212300037459
ZTF21abpaodi,548207200030858
ZTF21abpamxn,734203400016236
ZTF21abowqqa,534212400014081
ZTF21abowpnd,631215300016895
ZTF21abovblm,452203300005404
ZTF21abouexm,766207100049592
ZTF21abotuqo,764209100029823
ZTF21abotose,584210100012861
ZTF21abnvsic,723205100016343
ZTF21abnlhxs,548215300011305
ZTF21abnfgff,497207200028385
ZTF21abnfdqg,652214200006634
ZTF21abmzpmc,629204100017871
ZTF21abmwzxt,446215400006918
ZTF21abmwwsq,737211100014821
ZTF21abmwgdf,289205100011570
ZTF21abmspzt,795211100021055
ZTF21abmspkq,632215300010185
ZTF21abmjgwf,545207300032929
ZTF21abmdnft,447204400022389
ZTF21abmcori,342209300025464
ZTF21ablrhtk,634203400041879
ZTF21abljmmv,336203400043077
ZTF21ablducj,649216100023449
ZTF21abkqkon,548216100014237
ZTF21abkezqs,393206200024242
ZTF21abjrwhq,444211100016491
ZTF21abjrptn,491210400020400
ZTF21abjhiqp,548214100031937
ZTF21abjdqbo,825210200016025
ZTF21abjdiok,534215300008018
ZTF21abjbrrj,757202200017893
ZTF21abjbnhh,428206200014369
ZTF21abjaksr,649212400016833
ZTF21abizxkw,596206300005436
ZTF21abizpri,549213300016386
ZTF21abizmnw,340211200027681
ZTF21abimeun,770206300061327
ZTF21abilrxd,684212400028548
ZTF21abieuta,646209200035751
ZTF21abidtrd,638216400049585
ZTF21abhzicj,822206200020849
ZTF21abhzboh,481216300034889
ZTF21abhyukx,632211200038956
ZTF21abhyqlv,760215200018447
ZTF21abhuoyz,529214300019201
ZTF21abhthvj,390206200017984
ZTF21abhtaiv,763206100012896
ZTF21abhtafw,764207200025935
ZTF21abhshmt,757212200007123
ZTF21abhrmrv,647208100036113
ZTF21abhqhqb,716209100027667
ZTF21abhkeak,694204100039863
ZTF21abhhbmd,645215400014741
ZTF21abgzpii,699211200022256
ZTF21abgxudc,846209300014595
ZTF21abgmyzw,583206400014517
ZTF21abghumo,796208400002093
ZTF21abgcgem,766204100015013
ZTF21abfxhrn,549211200015395
ZTF21abfqisi,644210200008633
ZTF21abfoyac,537204300055888
ZTF21abfoxwp,278216400022593
ZTF21abfoace,679214200039691
ZTF21abfnjiu,582212200020758
ZTF21abfjrjy,630202200029527
ZTF21abfiuqf,846209400027432
ZTF21abephjt,544209200031076
ZTF21abeokcr,632208400018187
ZTF21abegynu,638214400112842
ZTF21abebgfr,390214300017148
ZTF21abdveqn,490210300053998
ZTF21abdpios,754205400000794
ZTF21abdmevk,722205300004781
ZTF21abdcauj,583211100033006
ZTF21abczimc,584208100028135
ZTF21abcxner,627207200002430
ZTF21abcwsho,632207200010614
ZTF21abctmnb,845207100019722
ZTF21abcrhpk,493211400027184
ZTF21abcnpnk,635204200021504
ZTF21abcmlzt,824208100004965
ZTF21abcmepi,473205200009917
ZTF21abchjer,645206200038251
ZTF21abcgrcj,690205200023584
ZTF21abcfgub,789215300014590
ZTF21abbzjeq,679215400015888
ZTF21abbzhvg,482215200014463
ZTF21abbytmm,372203100008430
ZTF21abbxdcm,530202100012708
ZTF21abbvkpr,715210100013520
ZTF21abbsbov,581207200035570
ZTF21abbqeea,822205300033879
ZTF21abbomrf,719205300035279
ZTF21abbliav,544205100007200
ZTF21abbkefe,532209400036886
ZTF21abbjybk,631204300003324
ZTF21abbcsfu,645204300018016
ZTF21abatolf,478201100019134
ZTF21abasfmq,627204200026848
ZTF21abaphri,827207400041001
ZTF21abahyyj,536215200034379
ZTF21abahgst,635216300042887
ZTF21aazybsh,792210400001255
ZTF21aazlxiw,633215300017905
ZTF21aazgkjf,441213400009461
ZTF21aazfkyj,337204400017638
ZTF21aazcgof,429204100037463
ZTF21aazazvw,861214100006399
ZTF21aayrbnn,863208200006742
ZTF21aayquba,679205200003197
ZTF21aayqrgx,845215400000774
ZTF21aayggyo,483204100026795
ZTF21aayfnjz,627207300027426
ZTF21aaydxoo,476208400020579
ZTF21aaxzbrn,635215200026745
ZTF21aaxyecd,716206100016159
ZTF21aaxxmvs,754208200025065
ZTF21aaxxjen,573210300010503
ZTF21aaxvnjy,725202300022318
ZTF21aaxtsqe,678203200038967
ZTF21aaxtrlt,427215300021869
ZTF21aaxtije,864216400034536
ZTF21aaxswlc,788209300002921
ZTF21aaxstzy,631204400036471
ZTF21aaxstsv,529202300005364
ZTF21aaxsnvk,821212300016804
ZTF21aaxlbad,799208200017968
ZTF21aaxksct,824207300042423
ZTF21aaxkckg,711209200004209
ZTF21aawyyha,844205400012434
ZTF21aawtazf,585208200017253
ZTF21aawogdl,530203200035955
ZTF21aawmtug,622206300020822
ZTF21aawlwoy,521207400017503
ZTF21aawiwqh,679206400010195
ZTF21aawckpe,475203400009339
ZTF21aavuqzr,799213100009663
ZTF21aavozbk,626203300016551
ZTF21aavotzn,786205100001957
ZTF21aavoqpl,666213400020565
ZTF21aavhnpk,491201400010491
ZTF21aavheiv,846211100008124
ZTF21aavdqgf,529215100016282
ZTF21aautijg,675205300008057
ZTF21aaugbus,840212100016887
ZTF21aaublej,681213100040877
ZTF21aauapli,484209300052917
ZTF21aatwlhj,521210300028637
ZTF21aatvcdl,749207200035295
ZTF21aatsafx,636206400050081
ZTF21aatlbsi,866204100004198
ZTF21aatdzmt,677215100033293
ZTF21aasyzkt,788211300011935
ZTF21aaswvyc,724208400025242
ZTF21aasuazz,369215400002088
ZTF21aastazz,747206300025726
ZTF21aassamj,536212100019153
ZTF21aaskyvp,800203400075821
ZTF21aasbkrl,677207300037629
ZTF21aarybxo,423216100019961
ZTF21aarxsfm,714211100030227
ZTF21aarskup,849201300017202
ZTF21aarohyu,789203400001692
ZTF21aarmuxl,710214300009682
ZTF21aarigsr,630210400018774
ZTF21aarhnwn,370216200009656
ZTF21aarguvb,421208400005245
ZTF21aarenhl,715205200009627
ZTF21aarejnt,424206300016088
ZTF21aareexg,419201300013472
ZTF21aardybv,418206400028194
ZTF21aarcobt,799211100008089
ZTF21aarcldd,676211100018722
ZTF21aarasky,839206100008903
ZTF21aaradzm,862211400016147
ZTF21aaqztcg,585215100030272
ZTF21aaqyuun,524204300037262
ZTF21aaqwfqe,626206300030208
ZTF21aaqwbgq,568201100016791
ZTF21aaqvuyf,815214300016363
ZTF21aaqvsvw,616207200033336
ZTF21aaqupdt,481212200016396
ZTF21aaquhqr,372204200014049
ZTF21aaqsprr,625215400037102
ZTF21aaqqlfw,761201200014998
ZTF21aaqpykm,531214200010734
ZTF21aaqmoof,535215400033064
ZTF21aaqldsk,676216300031021
ZTF21aaqldsj,675210100038576
ZTF21aaqjmps,527210100016831
ZTF21aaqhwgh,520214100010461
ZTF21aaqhqke,578203200001383
ZTF21aaqgrrf,468205200012408
ZTF21aaqftpz,691210400015139
ZTF21aapzzgf,317214200009936
ZTF21aapyiku,665203300019438
ZTF21aapxogj,708201200015192
ZTF21aapvxnf,827216400006347
ZTF21aaptouk,679201300003271
ZTF21aaprgdh,423205300012131
ZTF21aaprfkc,322211100034887
ZTF21aappktx,418201200019437
ZTF21aappehx,313205100022661
ZTF21aapomdb,815214400008374
ZTF21aaplnxw,761202100029023
ZTF21aapkvrd,376205100025495
ZTF21aapkhsc,374209200013520
ZTF21aapjmpq,530209400012166
ZTF21aapjmgf,581204100024847
ZTF21aapffqd,521216200013907
ZTF21aapegtd,750215300031289
ZTF21aapecxb,463215400028358
ZTF21aapdulz,745205100036841
ZTF21aaowaxx,825212300009211
ZTF21aaovhxe,275214300011555
ZTF21aaovdlh,465207400007333
ZTF21aaoqcnh,537206100043795
ZTF21aaopqqk,826205100027843
ZTF21aaoghxv,794215400018004
ZTF21aaogglh,629213400035778
ZTF21aaoexgy,580211300034076
ZTF21aaodljj,859203100008702
ZTF21aaocrlm,413202400030912
ZTF21aaocibg,785212200018835
ZTF21aaobkmg,727213300056848
ZTF21aanzcuj,715215300026223
ZTF21aanyyde,315207400012556
ZTF21aanuyro,822201200026949
ZTF21aantxma,787214100014503
ZTF21aanswls,489201400045013
ZTF21aanrhag,710215100035555
ZTF21aanhvpo,574213100039195
ZTF21aamxduf,529205200014723
ZTF21aamwzfi,796216100023230
ZTF21aamucom,367203300016977
ZTF21aamqgid,826214300025498
ZTF21aamkxbl,426209200021371
ZTF21aamhtui,744213100021078
ZTF21aamgrxm,533204400026395
ZTF21aamgrtx,583208400026524
ZTF21aamesud,628210200012516
ZTF21aalxpnl,477211200023932
ZTF21aaluoym,317214400004329
ZTF21aaloalc,532202400020729
ZTF21aalnhby,872203100021403
ZTF21aalkltz,791202100028831
ZTF21aalimtr,819210400014095
ZTF21aalgqsv,418216100016360
ZTF21aalekwo,312209300019314
ZTF21aakvroo,678202300041331
ZTF21aakijia,584201300039940
ZTF21aakbgpf,362212100020721
ZTF21aajuerd,525213100018471
ZTF21aajtsba,473211100034976
ZTF21aajgdpo,716205300012088
ZTF21aajgdeu,673216100008503
ZTF21aaizyqc,712216300021894
ZTF21aaixlfe,406215200011612
ZTF21aaipypa,470210300028750
ZTF21aaikpnj,708211100028953
ZTF21aaihala,431207300016060
ZTF21aaiaqhh,673204400023858
ZTF21aahzspd,570213300012292
ZTF21aahptas,424210400004405
ZTF21aahnkut,322211300014395
ZTF21aahfjrr,795210100011823
ZTF21aahfjlo,792202200007289
ZTF21aahfjbs,582207200006957
ZTF21aahdqrg,369204400035431
ZTF21aahargb,311206200050444
ZTF21aagyrvh,628207100032166
ZTF21aagycrc,627209400006130
ZTF21aagtpyw,632201200030459
ZTF21aagtexi,755201200012957
ZTF21aagtcgb,720215200007866
ZTF21aagsihi,575210100009871
ZTF21aagrjag,468207200036350
ZTF21aagpymw,522211300025004
ZTF21aagpbkj,618203300015019
ZTF21aagofpx,412209300034247
ZTF21aagocor,415207100010786
ZTF21aagnwkk,519211200007746
ZTF21aafkwtk,627206400029238
ZTF21aafkktu,523213300000821
ZTF21aafkgvj,413204300026649
ZTF21aaespww,812215300006008
ZTF21aaeoxfd,422207400028487
ZTF21aadktwq,473209400032990
ZTF21aadezmh,664211400004548
ZTF21aabvdjw,814216200004557
ZTF21aabcyvd,458211200022300
ZTF21aaaytny,583205200016072
ZTF21aaaubig,860203400023185
ZTF21aaasxel,664211300003128
ZTF21aaarmti,352208200007769
ZTF21aaaotku,673203100006899
ZTF21aaaosoq,822203100014269
ZTF21aaaosmn,793211200012738
ZTF21aaahzpr,421211400004981
ZTF21aaahliy,470204400024950
ZTF21aaafzwx,462209200026575
ZTF21aaafgmv,814209400003194
ZTF21aaaewsb,407201400013967
ZTF21aaabzsj,581214100002338
ZTF21aaabvjk,674209300018256
ZTF21aaabviz,672203100032274
ZTF21aaabaey,708216200033815
ZTF20adaftef,571215100006761
ZTF20adaduxg,355213100016581
ZTF20adadlqv,654214100034355
ZTF20aczacag,654208100020422
ZTF20acywefl,616216400015432
ZTF20acywbes,818203100001248
ZTF20acyvzef,753208400013536
ZTF20acyvzbr,753203100028152
ZTF20acxznai,467213100006041
ZTF20acxzkkf,526209300031178
ZTF20acxvvnf,457209200000114
ZTF20acxqnhn,664203100016147
ZTF20acxpvhu,356210300001598
ZTF20acxpurh,257215400030742
ZTF20acxooam,353202200014533
ZTF20acxdawc,555201100002211
ZTF20acxbnjd,451208200024691
ZTF20acwyoxc,418209100011720
ZTF20acwpixx,472215100010644
ZTF20acwphqb,524214400003172
ZTF20acwpaov,518204200001192
ZTF20acwofhd,753205100026170
ZTF20acwobku,667204100017639
ZTF20acwnrty,619201300015718
ZTF20acwnqcy,515207100024713
ZTF20acwncbd,616213200013578
ZTF20acwkwqn,614211400018219
ZTF20acwkvgj,614201200016388
ZTF20acwgxhk,452203100041971
ZTF20acwfcfs,427216400037319
ZTF20acwfanr,478212200021836
ZTF20acwdnbw,617213200033365
ZTF20acvkqxy,710210400011029
ZTF20acvjlev,784212100031230
ZTF20acvjagm,516215200023861
ZTF20acveyyv,759214100015405
ZTF20acvejem,564210300023466
ZTF20acvebcu,843207400020414
ZTF20acveadu,415214300017034
ZTF20acvdqtg,254209300003069
ZTF20acvchhw,772206400047417
ZTF20acuzlib,814209100009833
ZTF20acusqsp,264214400000912
ZTF20acusecr,789210200016775
ZTF20acurrzb,414204100003087
ZTF20acuoclk,708202300002587
ZTF20acuobve,861209100011964
ZTF20acumcrz,553207100020266
ZTF20aculruc,396204200001241
ZTF20acujaft,349215200029315
ZTF20acufmte,352202100011273
ZTF20acueziy,647203100027922
ZTF20acudkao,523207400029881
ZTF20actvpyc,524212100000447
ZTF20actvlbq,468214100008771
ZTF20actrovz,446201200013325
ZTF20actquzl,821203200031866
ZTF20actpqgc,604203100027533
ZTF20actpatx,496202400022841
ZTF20actoakx,422201400006859
ZTF20actnuls,712206400020141
ZTF20actkmks,520209300031437
ZTF20actiymd,413201400037146
ZTF20actfeym,505206400029102
ZTF20actdeqw,248213400014729
ZTF20actddoh,350206100036186
ZTF20actawpa,666211400006056
ZTF20acsfdnn,670211300010188
ZTF20acselme,709206400010408
ZTF20acsdykp,464202100020631
ZTF20acrzwvx,305210100014166
ZTF20acrufey,700204200030630
ZTF20acrheie,356211200007253
ZTF20acqzpta,651202300018501
ZTF20acqgklx,457214100014291
ZTF20acpylns,570202300008409
ZTF20acpxvez,714213300008387
ZTF20acpwjus,416211200033608
ZTF20acpvxmk,565203300018128
ZTF20acpkzxq,604202400010223
ZTF20acpkprl,296207100008966
ZTF20acpkpla,297203200025397
ZTF20acpknjk,398213400023007
ZTF20acpklpq,736203100017337
ZTF20acpkjsn,601201100006906
ZTF20acpjqxp,446212400021236
ZTF20acphdbu,751201200008122
ZTF20acphbem,564205100024502
ZTF20acpgokr,315210200017131
ZTF20acpevli,860213300023282
ZTF20acpbbqf,712211200027239
ZTF20acpbboa,624204400039882
ZTF20acoyvdg,650201300020931
ZTF20acoykif,548214200021809
ZTF20acoxmsr,418205100005230
ZTF20acowddo,450213300011319
ZTF20acordqz,447201400009995
ZTF20acoqlrd,598211100006140
ZTF20acoqlav,694207300026459
ZTF20acojxtb,305202200019216
ZTF20acogesf,305214300004181
ZTF20acobxlz,299214100032781
ZTF20acobvxk,299214300022601
ZTF20acobevy,245211400001578
ZTF20acnzkxb,711202200007107
ZTF20acnyxln,416205100030002
ZTF20acnywhz,417210300013998
ZTF20acnviyk,568210100006895
ZTF20acnsinb,494206300021687
ZTF20acmzoxo,596203200011727
ZTF20acmcqwc,256212300016121
ZTF20acmaaan,551216200037782
ZTF20aclnplo,572204100016477
ZTF20aclggpx,568214100006968
ZTF20aclftuo,257208100052236
ZTF20aclflxd,662216200016175
ZTF20acklcyp,647204300002676
ZTF20ackitai,493205400008988
ZTF20ackhzba,750205300006899
ZTF20ackdkva,651211200004185
ZTF20acjzzyr,767215300068153
ZTF20acjutba,447210400016400
ZTF20acjlkpe,799211300004338
ZTF20acjhhqx,747203300005091
ZTF20acjetyf,352205100036362
ZTF20acjbzrh,298206100015212
ZTF20acjbhhp,652203200016467
ZTF20aciwrpn,690211300029121
ZTF20aciubfx,414207100023815
ZTF20acitoie,616211100036430
ZTF20aciowcm,343206100027411
ZTF20achzugy,647205200017468
ZTF20achwpvs,491210100024919
ZTF20achsoln,503203200011678
ZTF20achrklb,395203400033813
ZTF20achncvv,747211100025250
ZTF20achksbc,849205400035128
ZTF20achdwmq,706213200005182
ZTF20achdcni,785210300018337
ZTF20achbkud,349207300002449
ZTF20achawym,345216100003016
ZTF20acgyvgs,490213200026736
ZTF20acgremo,563213100037161
ZTF20acgprcg,550208400023660
ZTF20acgnrqu,840212200008183
ZTF20acgnenc,297211100010692
ZTF20acgnbvv,296202300012213
ZTF20acgdycd,871211400026764
ZTF20acgbkji,781209400032182
ZTF20acfvsze,450212400049599
ZTF20acfnuee,495202200023522
ZTF20acfkzcg,748216400020917
ZTF20acfkyll,747212100015377
ZTF20acezpem,781207200022044
ZTF20aceyolc,699203200027472
ZTF20aceqoer,552215400006914
ZTF20acctbbw,739214100043919
ZTF20accsfkt,400211400040657
ZTF20accovje,596208200027926
ZTF20accodxy,389209400002201
ZTF20accmutv,414208100034854
ZTF20accdijx,446212400013234
ZTF20acbttnt,399216400010452
ZTF20acbnwyb,690211200037907
ZTF20acbnoqi,649206200017750
ZTF20acberbd,871207200012974
ZTF20acbeanu,346201400000720
ZTF20acbcfaa,443209400005986
ZTF20acbakkg,865210300003411
ZTF20acajvrj,499211100007831
ZTF20abzvxyk,599209100024181
ZTF20abzpxxu,695213100036332
ZTF20abzjpsv,647205100004956
ZTF20abzgegm,685203300039277
ZTF20abzetdf,457205200007568
ZTF20abyzoof,545206100031436
ZTF20abyzomt,544201400009954
ZTF20abyylgi,353212100023863
ZTF20abyxuky,504208400002146
ZTF20abyxnjo,736203200026476
ZTF20abyxjvm,398214100020998
ZTF20abywoaa,347205400016923
ZTF20abysxbk,684204200052205
ZTF20abyqdyg,546202300009968
ZTF20abypkpz,492215400001992
ZTF20abyjopm,695210200025217
ZTF20abyiycy,683204100048612
ZTF20abyiohf,645216300017203
ZTF20abyfmjr,698201200006296
ZTF20abxpoxd,700216300048134
ZTF20abxmwwd,696215100039456
ZTF20abxjefm,544214400037949
ZTF20abxidyb,601216300001454
ZTF20abxezim,399215300014310
ZTF20abwzqzo,452206400029064
ZTF20abwynwj,553216300013927
ZTF20abwkqxd,851212400016738
ZTF20abwftit,349203100039925
ZTF20abweedo,645203300017143
ZTF20abwdwoa,550207400013773
ZTF20abwcnhm,494216400036869
ZTF20abwavab,688203300086409
ZTF20abwaoey,799211200029558
ZTF20abvvnqh,828203300006410
ZTF20abvquuo,453214400016827
ZTF20abvowvw,398207200025326
ZTF20abvdtgl,479215100009483
ZTF20abusrwm,402202200012064
ZTF20abushtf,655216100031236
ZTF20abuqali,605215400037130
ZTF20abucjsa,772213200025352
ZTF20abtnpwt,494214100006925
ZTF20abtjjhb,553208200009195
ZTF20abthxfr,740202200034817
ZTF20abtfnpl,544204300026523
ZTF20abtcijp,848204100012215
ZTF20abswjae,601214100002758
ZTF20abswgbn,344201100006315
ZTF20absvtnc,450204100000558
ZTF20absfrbq,492210400012339
ZTF20abrnvwf,451204400001108
ZTF20abrnklh,346202400005339
ZTF20abrmmah,392213100002872
ZTF20abrdvpj,849206100000514
ZTF20abqosnh,696205200006720
ZTF20abqnctf,636206300039910
ZTF20abqmtsh,767216400020693
ZTF20abqlmwn,558211300036825
ZTF20abqlawg,494216300019477
ZTF20abqgzhh,493210100022916
ZTF20abqfgee,556203100029839
ZTF20abqefja,680211400035891
ZTF20abqdkne,553208400026115
ZTF20abqcvtk,638215300044944
ZTF20abqbzuv,724215300020440
ZTF20abpyxja,736212100020715
ZTF20abpvolc,553207300004211
ZTF20abpuyau,700203200037611
ZTF20abpuxna,606211200009608
ZTF20abptxls,398209300020873
ZTF20abpeyat,796213200039392
ZTF20aboyujf,631210200023743
ZTF20abowpvf,396203200027029
ZTF20aborzxc,502207300023550
ZTF20abobpcb,827210300021220
ZTF20abnmahn,546212100007011
ZTF20abndzyc,726205100028192
ZTF20abmzfql,645204100017752
ZTF20abmxovj,796211400002505
ZTF20abmihnc,587213100012427
ZTF20abmcxct,294204100021287
ZTF20abmbycd,693209200016458
ZTF20ablxtlp,448216400015490
ZTF20ablqbvc,493204300015564
ZTF20ablnjvp,534211200010929
ZTF20ablkswc,495212100024747
ZTF20ableiem,650206200032753
ZTF20ablagfg,336208300063343
ZTF20abkzhpk,763201400013235
ZTF20abjyoty,399206200030370
ZTF20abjxwga,493214400026017
ZTF20abjwuju,683201200052820
ZTF20abjpvce,823216200016585
ZTF20abjonjs,869214200032094
ZTF20abjfufv,691204100028835
ZTF20abjcuep,582214300023496
ZTF20abjbiqf,725209200000994
ZTF20abjbgjj,549205300021130
ZTF20abisvtr,865203100008212
ZTF20abipuee,798209400029417
ZTF20abhzgly,691209400007392
ZTF20abhmqdn,764204100037352
ZTF20abhmnom,682206300010622
ZTF20abgzvff,771209100040434
ZTF20abgwgqj,630211100009835
ZTF20abguygh,679202400025398
ZTF20abgtvhl,499202300006940
ZTF20abgoocl,632209400031342
ZTF20abgfvav,677207400018258
ZTF20abgfekk,675203300007027
ZTF20abgdspk,495201300020602
ZTF20abgbxzn,647210200002336
ZTF20abfqeef,844204200028689
ZTF20abffaxl,683208300031163
ZTF20abfadah,764215200009465
ZTF20abeoicg,629202200036031
ZTF20abeldyn,433214300056080
ZTF20abejvpr,792209400040925
ZTF20abehvas,645209400033098
ZTF20abeglzu,592209300067440
ZTF20abegate,764216400011123
ZTF20abefbpl,628211400022559
ZTF20abefbnz,628203200003938
ZTF20abefaya,428203200039663
ZTF20abeeyrs,789211300036697
ZTF20abeeahl,678209300023851
ZTF20abedyov,537214400060152
ZTF20abedygm,824211100034835
ZTF20abedydu,823215100005161
ZTF20abdxyae,799206100039743
ZTF20abdxuew,795211400030357
ZTF20abdxoeu,675211200024729
ZTF20abdxffu,579210400033580
ZTF20abdsunu,864211100035355
ZTF20abdajyr,826204100039633
ZTF20abcwuwg,489201200101798
ZTF20abctyza,725213300010143
ZTF20abcqpdj,715215400025513
ZTF20abcjdwu,759209200008806
ZTF20abchhuw,648208200031651
ZTF20abccojn,825207100007140
ZTF20abccixp,584210100030076
ZTF20abbrptu,818214300012607
ZTF20abbpkng,681215400023730
ZTF20abbozif,825205400011556
ZTF20abblqtl,716201200003116
ZTF20abbihor,842211200025440
ZTF20abazgfi,726215100035011
ZTF20abawtpy,796203400036765
ZTF20abawntz,480206400012933
ZTF20abavxpk,634213100032848
ZTF20abatfzl,756209400001191
ZTF20abatdly,789205200035629
ZTF20abapvvq,278214200011548
ZTF20abajtzc,787201200000681
ZTF20abajdvf,793214200017351
ZTF20abafzxx,799207300027990
ZTF20aazycgy,625206200011254
ZTF20aazsyvu,846216300000954
ZTF20aazswwk,824216200011654
ZTF20aazquhc,712205300033096
ZTF20aazpyhy,533204200028039
ZTF20aazpwen,584215300015665
ZTF20aazpoif,760207300027785
ZTF20aazpaki,765210200013110
ZTF20aazooyu,681203100014396
ZTF20aaznpor,865207300002388
ZTF20aazkxcw,532209400034828
ZTF20aazjwgh,756209300032247
ZTF20aazhyrs,426202400026218
ZTF20aazgtmp,575210200026080
ZTF20aazbqvr,622205200003046
ZTF20aayxdse,582213200023194
ZTF20aaynrrh,473206200035193
ZTF20aaymbjk,727206200066887
ZTF20aayknlo,574209200014756
ZTF20aayknbc,420212300013065
ZTF20aayjxdv,725213100043531
ZTF20aaydgsu,321205200001121
ZTF20aaxvzja,530204300030042
ZTF20aaxunbm,786205100035145
ZTF20aaxhzhc,627214300022289
ZTF20aaxccrm,535216300031465
ZTF20aaxahpk,713209200036627
ZTF20aaxablt,622208400033995
ZTF20aawoojh,797211100018755
ZTF20aawjbsf,519202400002746
ZTF20aawijco,386205200061255
ZTF20aawgrcu,866209300026649
ZTF20aavvzlw,320216400029677
ZTF20aavvaup,751215100011366
ZTF20aavtdxj,766207200031999
ZTF20aavrzha,824209300019908
ZTF20aavptjf,752208400017946
ZTF20aavnnzx,762203100034545
ZTF20aavnnqo,724212100031796
ZTF20aavnnkm,683205400017843
ZTF20aavnnat,722213400040335
ZTF20aavhyel,477210400009383
ZTF20aavdgib,827208100007069
ZTF20aavdcxo,828211300020710
ZTF20aavcvrm,679201300021432
ZTF20aauwhyi,678210200016332
ZTF20aauvmix,677208100008639
ZTF20aaurucm,665212300011049
ZTF20aaurjbj,719208400029378
ZTF20aaurgib,847202300037108
ZTF20aaurfwa,530201100011483
ZTF20aaurexl,725216400027089
ZTF20aauooag,684209300056817
ZTF20aauonld,535216100009907
ZTF20aauombk,581206300015678
ZTF20aatxnxq,521203200032706
ZTF20aatulug,824207100012201
ZTF20aattztb,581206400025458
ZTF20aattqle,584207100029112
ZTF20aatqidk,577216100020735
ZTF20aatqesi,846216200036320
ZTF20aatqene,845211100026121
ZTF20aapycrh,713215300002571
ZTF20aappghn,479205200009842
ZTF20aappcup,426203400003309
ZTF20aaowuim,522210300002435
ZTF20aaosoct,417203200010642
ZTF20aaolusw,448214100014800
ZTF20aaoldej,716206200013979
ZTF20aanvliy,476201200006476
ZTF20aansktb,626215400014730
ZTF20aanaibf,828210400020770
ZTF20aamttni,534216400028349
ZTF20aamttiw,724202200033271
ZTF20aamrreb,312201300034069
ZTF20aamqslk,713205400017638
ZTF20aamoaim,711212400032458
ZTF20aammtwx,565209200036341
ZTF20aammnnm,709204300001350
ZTF20aammicx,681209200007005
ZTF20aammbrw,420216200019850
ZTF20aamkyyx,525201300008194
ZTF20aamknxn,677206100038907
ZTF20aamknna,427208400014353
ZTF20aamgdkb,843208400023508
ZTF20aamfpcj,570214400005009
ZTF20aamerev,782213200004366
ZTF20aamdyln,584204300030362
ZTF20aamdsjv,672202200031830
ZTF20aamcvyp,364211400022582
ZTF20aambbfn,752210200013364
ZTF20aalxlis,719206200035484
ZTF20aalrqbu,678211200023160
ZTF20aalrptc,678203100040607
ZTF20aalejtl,663210400028705
ZTF20aalcyih,614212100038483
ZTF20aakzbfh,534203400007642
ZTF20aakyqlh,672215100005199
ZTF20aakxwgy,465207200023498
ZTF20aajvcwd,422206100014554
ZTF20aaivvwa,256213100016937
ZTF20aaifyvz,585203400026603
ZTF20aaiftgi,374213200012144
ZTF20aaieyup,319212400020298
ZTF20aaideho,421214400005408
ZTF20aaiahra,317210400020508
ZTF20aaiaaoi,520208200028865
ZTF20aahzyep,623202100027634
ZTF20aahqbun,676216400008367
ZTF20aahpxzz,580207400017246
ZTF20aahpwym,761214100017271
ZTF20aahjymt,414207400036514
ZTF20aahggbm,574203200003143
ZTF20aahgejq,788203100009750
ZTF20aahdwze,786202300014371
ZTF20aahaxjl,566208200019520
ZTF20aagnbpw,717202100016830
ZTF20aagloch,785209400023783
ZTF20aaghoqz,531203400013462
ZTF20aaghnxd,625213100007634
ZTF20aagewqr,314212200040416
ZTF20aafzcab,311205300042191
ZTF20aafsnpp,821207200036007
ZTF20aafrihv,751215300028619
ZTF20aaflaug,789206200033533
ZTF20aafjjqj,709204100020994
ZTF20aafcmfi,420206300008899
ZTF20aafclxb,421203100022082
ZTF20aafclqz,722201200009910
ZTF20aafckit,678201400031509
ZTF20aafcjln,422216100006960
ZTF20aafcgca,749212200028108
ZTF20aaezaxk,553213200022962
ZTF20aaevbvv,662208200027645
ZTF20aaeujsk,312206100026743
ZTF20aaetrle,656208400026079
ZTF20aaetirf,604214100037160
ZTF20aaerxsd,758204200010179
ZTF20aaerqjd,794205300031075
ZTF20aaeopvv,552214400010559
ZTF20aadyyvk,821209100020718
ZTF20aadyukn,818215200010893
ZTF20aadxvfj,525211400016058
ZTF20aadxrvb,421207400022619
ZTF20aadvunl,747207300022170
ZTF20aadfyjl,458202200022918
ZTF20aadcitq,717205400027643
ZTF20aadchdd,791206200006525
ZTF20aacdfep,723215300024125
ZTF20aacbyec,574210100027710
ZTF20aacbtgq,787207200020349
ZTF20aabqjht,676210100000576
ZTF20aabqisb,848212200030576
ZTF20aabqiav,630203400007925
ZTF20aaawmxq,789213200021177
ZTF20aaactgu,696205100042027
ZTF19adguxmv,818207100013351
ZTF19adcfsad,525211100041145
ZTF19adcetym,751210100008726
ZTF19adcecwu,819213400034098
ZTF19adcdgca,785210300011293
ZTF19adcbpcj,518213400007449
ZTF19adbsblp,454203300003644
ZTF19adbricc,615211100014403
ZTF19adbmgdk,693206200009817
ZTF19adajqwl,630216200002127
ZTF19adajqcq,794202100026451
ZTF19adafqoe,662213300004994
ZTF19aczlldp,452208100009398
ZTF19aczjsqn,466201100008331
ZTF19acytidb,623202100014004
ZTF19acyqwlm,784212200008977
ZTF19acyksfd,501203400040532
ZTF19acyjysk,842211200017667
ZTF19acygjmg,782207100035408
ZTF19acxyumq,754208100007659
ZTF19acxxwvi,752206400034017
ZTF19acxovyh,469209200031208
ZTF19acxnemy,665210100033508
ZTF19acxndsk,785210300019938
ZTF19acxmmys,871205200015072
ZTF19acxgwvo,445209200021817
ZTF19acxgwid,445215200020103
ZTF19acwrujg,699202100023140
ZTF19acwrrvg,739203300021628
ZTF19acwqvvn,856205400029691
ZTF19acwiqrc,648202100015859
ZTF19acvrigb,709205100030354
ZTF19acvgjme,496205400008571
ZTF19acuybzx,613210400026035
ZTF19actfxcd,756211200029135
ZTF19acshkft,554203100009414
ZTF19acsfvog,397206200000950
ZTF19acrwzqs,710204400041979
ZTF19acrwyyb,791216300026160
ZTF19acrwvao,841208400004204
ZTF19acrenwk,505210200011730
ZTF19acrdqej,698201400010289
ZTF19acqypso,739213100031274
ZTF19acpmuwu,690214100025752
ZTF19acpgaet,557207200012528
ZTF19acordoi,865207300014843
ZTF19acojuzv,783212400036985
ZTF19acoaoty,606202200015350
ZTF19acnfjyw,693203400040996
ZTF19acmblbi,571213300025719
ZTF19acmbkmr,668213200002499
ZTF19acmbjvi,712214400009412
ZTF19acmbiad,784206200022502
ZTF19acmbhvv,782205400001354
ZTF19aclofmz,739202300030324
ZTF19aclobbu,739205200015762
ZTF19aclkbqc,766211400016181
ZTF19ackjnuq,572205400020336
ZTF19ackjlrd,755210100011054
ZTF19acjwqvo,734201200025311
ZTF19acjnaxa,520211100027124
ZTF19acjnatv,668206300006824
ZTF19acjfhom,458204400039019
ZTF19acitkzs,875203400021835
ZTF19acihlft,390205100024107
ZTF19acihgng,827206100028189
ZTF19acignlo,649208300017781
ZTF19acigkma,765209300031056
ZTF19acifuyf,613211300047646
ZTF19achjqbk,298213100009335
ZTF19achetvw,500204400025428
ZTF19achejoc,449214400017724
ZTF19achajnc,814204200005011
ZTF19acgrbeb,450215100018691
ZTF19acgpqxt,451208200031775
ZTF19acgonwy,311213100018775
ZTF19acgogcm,403205100008716
ZTF19acgmkrt,553201400012234
ZTF19acgjnfz,843208100014122
ZTF19acgemzm,727210400047163
ZTF19acgdxel,466203400001413
ZTF19acgdfjt,783207300007421
ZTF19acgbzam,504214300010311
ZTF19acfxbki,399213300006857
ZTF19acftfav,599203300023853
ZTF19acftaml,494204300014792
ZTF19acfsqjx,865207300024032
ZTF19acfmwlh,451214400036690
ZTF19acfecsg,491210100027212
ZTF19aceuacu,826202200028914
ZTF19acetzrc,604203100014920
ZTF19aceqjqw,616211300027514
ZTF19acekbyz,464203300002827
ZTF19aceidtc,437214400121845
ZTF19acechlg,312213300010198
ZTF19acdxlns,554216400020898
ZTF19acduqvr,684202200033828
ZTF19acdtpow,787203200010172
ZTF19acdsqir,656205100019018
ZTF19acdjiml,709205300012756
ZTF19acdabep,709208200037490
ZTF19acctpgd,388206400028248
ZTF19accobqx,596205300004354
ZTF19accmboe,764215400027207
ZTF19acckggd,615210400014852
ZTF19accjfgv,859207300009241
ZTF19acchink,401204300038668
ZTF19acchaza,740208300031805
ZTF19acbvquo,668212100039301
ZTF19acbswdq,397211200027603
ZTF19acbrzzr,395214400021970
ZTF19acbpwwg,764205200031609
ZTF19acbonaa,564206300013071
ZTF19acbnhkd,837211100016346
ZTF19acbmwtc,566212100014414
ZTF19acbmojx,839203300002029
ZTF19acbkyma,546210300039587
ZTF19acbkczc,543212100031155
ZTF19acbjlnt,597216300023979
ZTF19acbhvgi,515201100018370
ZTF19acazbqm,696203300008200
ZTF19acasiwm,445201400016884
ZTF19acardcs,597206400010702
ZTF19acaotrk,450213400018281
ZTF19acaiylt,708207300005490
ZTF19abzzhsa,783204100014550
ZTF19abzwtiu,737204300018720
ZTF19abzwaen,545210300046857
ZTF19abzvyew,393205300016638
ZTF19abzvvkb,547211200013181
ZTF19abztknu,606202100015827
ZTF19abzqywg,251214300027463
ZTF19abzqkdz,503215200024313
ZTF19abzpvaj,1596205100015042
ZTF19abzprpk,602207100020510
ZTF19abzplvm,736203200017178
ZTF19abzkyjy,348216400034256
ZTF19abzhvxk,637203100027511
ZTF19abzhfjj,397202200016150
ZTF19abzgdfu,388208200041796
ZTF19abyuzch,726211400038340
ZTF19abymvpq,785205200018859
ZTF19abymhad,303212400009703
ZTF19abylxyt,608209300016147
ZTF19abyjjxp,462211300051212
ZTF19abyikbv,734211300029164
ZTF19abyigib,245209300012134
ZTF19abyflzw,800211200034529
ZTF19abyfbik,587210200015507
ZTF19abycslo,349202200023418
ZTF19abxtdgh,555214200017079
ZTF19abxnycf,301204100021413
ZTF19abxmvcq,294209400012490
ZTF19abxjrge,505214100033533
ZTF19abxfunp,767215200038811
ZTF19abxfhrq,765216200033530
ZTF19abxfeln,491202100025388
ZTF19abxekxi,388201200030634
ZTF19abxdnzt,761208200008180
ZTF19abwsxug,652203100025164
ZTF19abwswzb,500201200020384
ZTF19abwscog,247216400011042
ZTF19abwouqp,599206400014064
ZTF19abvjdfc,496214400021020
ZTF19abvjcii,848216100011522
ZTF19abvhkst,651216300011736
ZTF19abvgnxg,697206300028026
ZTF19abvanim,762203200035622
ZTF19abvalfd,722208100021546
ZTF19abuzinv,652209300023795
ZTF19abupned,600208400026673
ZTF19abulzhy,847207300015977
ZTF19abujhgm,775201400046417
ZTF19abuclhk,700210100009221
ZTF19abuazly,546206400022373
ZTF19abtslqm,353202100028986
ZTF19abtnftd,766211400022033
ZTF19abtnbtt,637202200005619
ZTF19abtcapa,604214400020025
ZTF19abstsvm,605207100012946
ZTF19abrmlxu,448205300008037
ZTF19abrlvij,796202400004372
ZTF19abqysic,457209100024702
ZTF19abqyoxt,814208100022761
ZTF19abqyoxj,814202300002837
ZTF19abqxibq,397206300022688
ZTF19abqwsuf,548203100019621
ZTF19abqsvgf,726205400040139
ZTF19abqqcyo,389214300016534
ZTF19abqmsbk,536214100024021
ZTF19abqmpsr,556206200025002
ZTF19abqlrtb,353215100011518
ZTF19abqkpoi,392213400009883
ZTF19abqjypm,338213400002592
ZTF19abqirpa,338205200004863
ZTF19abqimia,388209200035061
ZTF19abqhobb,825202200022092
ZTF19abqhikf,722210200010013
ZTF19abqgtqo,599216300034442
ZTF19abqgrht,392210200027156
ZTF19abpzuzd,551212100004788
ZTF19abpztlw,399201100016095
ZTF19abpxttd,537206100047437
ZTF19abpidqn,592202400091290
ZTF19abpgggu,604206100017269
ZTF19abpbqor,682203200031114
ZTF19abpbmli,584204300022160
ZTF19abpbbxx,451211200023564
ZTF19abozuxh,648206400033199
ZTF19aboxjlj,733203400038067
ZTF19abopyyu,603210300011407
ZTF19abomiel,726207200032386
ZTF19abnmrqt,765216300024080
ZTF19abnktws,631213400037517
ZTF19abnkrcd,587203400026196
ZTF19abnhegb,345212400031800
ZTF19abnagzk,772209300048300
ZTF19abmzord,443205200026098
ZTF19abmugyh,585206200022904
ZTF19ablrkfz,678206400002549
ZTF19ablqnuw,398212100040695
ZTF19ablpnmk,448204300037748
ZTF19ablpfhz,654214200017612
ZTF19ablovot,398202300022646
ZTF19ablojrw,775206300011467
ZTF19ablfcjr,446212200003127
ZTF19ablesob,550216100014668
ZTF19ablekwo,736206400016242
ZTF19abkxeft,823205200005711
ZTF19abkromi,795203200029568
ZTF19abkrbjt,723206400005952
ZTF19abkftvd,300206300022161
ZTF19abkdehm,550207300002286
ZTF19abjsmmv,678215100022951
ZTF19abjslyw,719213300008995
ZTF19abjrjdw,484212200042151
ZTF19abjpntj,552202100031728
ZTF19abjioie,724207300004707
ZTF19abixauz,439213200010394
ZTF19abitljz,586209100033382
ZTF19abitbcj,722216200034406
ZTF19abiszzn,678207100015017
ZTF19abiszoe,581210100034403
ZTF19abisbgx,346212300013964
ZTF19abipmfl,444206100024965
ZTF19abinjcy,848209300013073
ZTF19abimzvh,736213200000602
ZTF19abimkwn,733215200042079
ZTF19abiietd,584215100022430
ZTF19abidfsb,343207100011418
ZTF19abhztqq,796209300026081
ZTF19abhzdjp,794211300012168
ZTF19abhpvfq,289211200022461
ZTF19abhphah,766216200021672
ZTF19abhjhes,603214300025798
ZTF19abhibzk,694201200034448
ZTF19abhduuo,348209400020983
ZTF19abhdlxp,400207100012183
ZTF19abhcefa,530216200035057
ZTF19abgsyrp,588206100039031
ZTF19abgrcxs,554208300029302
ZTF19abgqwed,398210200018526
ZTF19abgppki,679202200025851
ZTF19abgpgyp,681212400019177
ZTF19abgnuri,847211400038270
ZTF19abgncfz,821204400008335
ZTF19abgmxwn,290213200010789
ZTF19abgmkef,603216100001154
ZTF19abglmpf,727213100029657
ZTF19abgjlef,551207300019684
ZTF19abgcbey,725213200018385
ZTF19abfvnns,694215300007877
ZTF19abfvhlx,392204100003384
ZTF19abfiqjg,503211100012804
ZTF19abfdsbu,759210300029632
ZTF19abeytzv,496211300023006
ZTF19abeizmo,860206100003430
ZTF19abegizf,289209400015958
ZTF19abecaca,676210400028720
ZTF19abdyawn,770202200050120
ZTF19abdviwl,585210200010759
ZTF19abdqaao,646202400011853
ZTF19abdkgwo,697202400022330
ZTF19abdkgns,651211100024810
ZTF19abddsvk,819214100023005
ZTF19abcvrpm,722201400015806
ZTF19abctnpk,597206200017982
ZTF19abcncdg,428203100010902
ZTF19abcejsg,397216300013059
ZTF19abcejoa,346204400012061
ZTF19abcegvm,342216400007049
ZTF19abbnamr,599209100021217
ZTF19abauylg,483216300015890
ZTF19abaukyt,761202400009355
ZTF19abatvit,443205300017280
ZTF19abattvp,391207400017012
ZTF19abasxkg,696201200023483
ZTF19abaosan,480216200024752
ZTF19abamqxo,600206200038492
ZTF19abakjao,718203400015960
ZTF19abajxet,628209400035565
ZTF19abajuqh,493213300012325
ZTF19abafrvy,476207300001926
ZTF19abaejrh,599201200015835
ZTF19abacxod,528209100022714
ZTF19ababigc,391215300012424
ZTF19aazxcvl,758203100005680
ZTF19aazuqyt,491214300018311
ZTF19aazpkyv,689203300040606
ZTF19aaziick,633211400000533
ZTF19aazdcmj,391203400004724
ZTF19aayxlma,681214300012623
ZTF19aayvylv,651207300025515
ZTF19aayqait,727209400022591
ZTF19aaypehm,632215200041391
ZTF19aayogzn,718216400020054
ZTF19aayfaum,763209300010465
ZTF19aaxzdtw,721210300017466
ZTF19aaxqsbn,862215100007213
ZTF19aaxibpz,548203100024328
ZTF19aaxffum,532205100013006
ZTF19aawyepw,679210400030554
ZTF19aawwlxc,678211100012497
ZTF19aawsday,600210400026459
ZTF19aawqckx,848210400036149
ZTF19aawnqoj,480211100000774
ZTF19aawmkja,765214200017160
ZTF19aawhzsh,755206400029167
ZTF19aawgfnn,530204100009416
ZTF19aawfkeg,387205100032264
ZTF19aawafvn,676203400011467
ZTF19aavxpbx,377204300039612
ZTF19aavsahh,482210200024422
ZTF19aavoweu,722205200042142
ZTF19aavnxwj,716211100004315
ZTF19aavnwyt,788216300032621
ZTF19aavmlqh,534205100004061
ZTF19aavmgtv,629216400011857
ZTF19aavlnjz,477207100000429
ZTF19aavlfvn,530208400034842
ZTF19aavjukt,763209300033941
ZTF19aavjlkx,632211300038899
ZTF19aavidqf,764208200024609
ZTF19aavhblr,582201200017112
ZTF19aavbkly,672215400034951
ZTF19aavbjfp,819209400012947
ZTF19aauvjws,672215400002916
ZTF19aaurhox,722213400023334
ZTF19aauqywe,864209100009511
ZTF19aaupkrl,823205300029290
ZTF19aaupkev,720201400018430
ZTF19aaumvig,633206100018732
ZTF19aaujiwc,529201400023293
ZTF19aauivtj,475213400025134
ZTF19aauitks,578211200005631
ZTF19aauishy,674211300008215
ZTF19aauisdr,627211200026117
ZTF19aauhhjy,712206100011349
ZTF19aatnfvj,582203300013384
ZTF19aatlqdf,529215300018779
ZTF19aathllr,586211300014700
ZTF19aatheus,726206100047055
ZTF19aatgwhs,724205400030251
ZTF19aatgrxv,623207300013528
ZTF19aatgrxl,573209300007958
ZTF19aassqix,490214200041210
ZTF19aartuli,321210400010443
ZTF19aarmtgu,516206300011815
ZTF19aariwpf,476216300003599
ZTF19aarinmw,530205200010521
ZTF19aarfyvc,794211100028675
ZTF19aarfnto,675201400010390
ZTF19aarflsx,574203200010091
ZTF19aarfksi,525211300004168
ZTF19aaraxhh,821212300035656
ZTF19aaqxcfs,751202100009757
ZTF19aaqtyku,844216300008607
ZTF19aaqtcmy,795208100015709
ZTF19aaqhelq,818206400016011
ZTF19aapvogv,427204300009848
ZTF19aaputrv,717210100030519
ZTF19aaptwpu,841202200007660
ZTF19aapfktd,424210200031738
ZTF19aapdkza,316215200010505
ZTF19aapbgmp,766214100022331
ZTF19aapbfot,632215300019105
ZTF19aapafqd,679216100043047
ZTF19aapafit,761205300032845
ZTF19aaozsuh,427212200020399
ZTF19aaozplq,718211100018810
ZTF19aaozpew,674201200017576
ZTF19aaoyjoz,524206300035077
ZTF19aaojnrx,475202200020737
ZTF19aanyuyh,545214100026057
ZTF19aanxrkt,480215400026473
ZTF19aanxosu,679216200009774
ZTF19aanuuen,532202400021307
ZTF19aanrrqu,575201100022145
ZTF19aanramr,752203400033277
ZTF19aanqzhm,840205400016135
ZTF19aanpcep,720210300025631
ZTF19aanovps,846201200020846
ZTF19aanmeyw,482204400042724
ZTF19aanmdsr,796210300005313
ZTF19aanlekq,678216400044473
ZTF19aanirdx,825204300026236
ZTF19aanircs,795207400036841
ZTF19aanijpu,528214200035102
ZTF19aanhhal,791210400015584
ZTF19aangier,790202100034350
ZTF19aanfyey,573203200007031
ZTF19aaneugz,572207200018234
ZTF19aanetjx,621206200020491
ZTF19aanbpus,817203200004887
ZTF19aanbojt,786205100005011
ZTF19aanbfaw,708209300003207
ZTF19aamvmer,761207100005834
ZTF19aamrais,683202200008908
ZTF19aamqebl,572205400042392
ZTF19aamkywr,483213200033042
ZTF19aamkmxv,864214300007074
ZTF19aamhhyo,675208200015943
ZTF19aamhhgu,793211400024971
ZTF19aamhhey,793207200036314
ZTF19aamhhae,792207100009856
ZTF19aamhgwm,674212100037848
ZTF19aamgttu,518215400011367
ZTF19aamgokq,468211300011565
ZTF19aamggmk,787212400034377
ZTF19aambfxc,848207400004506
ZTF19aalztms,681210300020892
ZTF19aalzmio,628214100016458
ZTF19aalxcyo,567203200010158
ZTF19aalveag,672208400038477
ZTF19aaluprf,414215300013298
ZTF19aalsnbp,719206400011472
ZTF19aaljcsu,413209400008390
ZTF19aalfsqm,632214100013102
ZTF19aaldqvh,752213200022139
ZTF19aalcwjt,568207300024779
ZTF19aalaxsa,788214400029319
ZTF19aakzwao,626214400035220
ZTF19aakpfax,825212300019656
ZTF19aakocxy,839214200012547
ZTF19aaklqod,568209100011764
ZTF19aakljys,715203200028493
ZTF19aaklbok,707208100003497
ZTF19aakjbej,671216100010918
ZTF19aakiyly,629203100022441
ZTF19aakiyed,823208200021734
ZTF19aajxwnz,813212400028659
ZTF19aajxhwa,457213100011681
ZTF19aailltc,671213400001905
ZTF19aailexm,711206400009013
ZTF19aafwrhf,516201200009133
ZTF19aafmyow,761206100034655
ZTF19aafmfxg,522204400016989
ZTF19aafljiq,574211300027730
ZTF19aaezwmr,564207400030159
ZTF19aaeoqkk,677212300027338
ZTF19aaekvhn,859206100020898
ZTF19aadpqnb,504216400021120
ZTF19aadnxog,673201200036009
ZTF19aadnsqj,521211400031481
ZTF19aadnmgf,570215100004453
ZTF19aacivvy,583201300021986
ZTF19aabyppp,574213300009309
ZTF19aabyheu,621211300020694
ZTF19aaarhtg,544211200010754
ZTF19aaagfme,497215300010156
ZTF19aaadwfi,752210400015819
ZTF18adcdcrd,514216100029870
ZTF18adbmrug,608206200021773
ZTF18adbbhww,564201100028120
ZTF18adazgdh,570202400012387
ZTF18adazbol,518207100008026
ZTF18adaylyq,617211300018609
ZTF18adaykvg,464201400018014
ZTF18adaslwa,614210300012392
ZTF18adasisj,509202400030243
ZTF18adalarn,573211300017087
ZTF18adaimlf,556206200009810
ZTF18adachwf,720210400023144
ZTF18aczuooo,626211400017500
ZTF18aczenvx,622212100018984
ZTF18aczeesl,759212400003707
ZTF18aczcumi,518215400029919
ZTF18acyxnyw,790212100011207
ZTF18acynmcp,397215300034472
ZTF18acybdar,671212200013141
ZTF18acxyarg,708216400010560
ZTF18acvwmpw,624216200024276
ZTF18acvwbos,822216100015740
ZTF18acvgjqv,785203200021897
ZTF18acuscgc,747214300012424
ZTF18acuqskr,567203300006630
ZTF18acszaiy,401202300017358
ZTF18acsyanq,502207200008369
ZTF18acsxwdi,602214100035772
ZTF18acsremz,786206300023078
ZTF18acspjqd,706201200019157
ZTF18acsohut,782208100024686
ZTF18acslbve,553202200010935
ZTF18acskxpn,699216100010597
ZTF18acrxppd,817214400007983
ZTF18acrlmvt,856214100035819
ZTF18acrgunw,666216100019702
ZTF18acrcyqw,783212100034437
ZTF18acrcizr,553216100004216
ZTF18acqxsyi,619210400016068
ZTF18acqwdla,514211100043732
ZTF18acqsztr,527201300019127
ZTF18acqnzso,784201100000289
ZTF18acpuxuh,405203300007076
ZTF18acptgzz,406212200014719
ZTF18acpeemg,524213200005419
ZTF18acnnevs,789212300014493
ZTF18acnbgpw,717209300001003
ZTF18acmyxfx,405201300001597
ZTF18acmvcme,728208400044191
ZTF18acjxyak,684211300017279
ZTF18acjpret,727211300045626
ZTF18achxcsh,814209400001335
ZTF18acgvgiq,844201300033921
ZTF18acfwmqj,652205400025146
ZTF18aceynvm,712204200025322
ZTF18acdyypo,551201400020156
ZTF18acdwuhy,827215300024334
ZTF18accnmri,567205200024122
ZTF18accnlji,666211400016528
ZTF18accngxc,570204400025198
ZTF18accndxn,862215300008799
ZTF18acclexy,605208200010945
ZTF18accjdgs,551204300008647
ZTF18acbyyff,298211400002588
ZTF18acbxsge,397202100020728
ZTF18acbxmvy,599214300013796
ZTF18acbwaxk,820204300022270
ZTF18acbvgqw,300209200030817
ZTF18acacnmr,728212400051791
ZTF18abzzkyg,301212200010696
ZTF18abxtvqc,450214100034942
ZTF18abxhsyn,451213400015089
ZTF18abxhaop,299208300001381
ZTF18abwkzuc,706201300043111
ZTF18abvptts,691208200036992
ZTF18abvkmgw,500214200034547
ZTF18abupgps,296210100015512
ZTF18abukavn,723211300005112
ZTF18abugthp,297214200023817
ZTF18absspcp,543213300018143
ZTF18absnqyo,594212100032004
ZTF18abrzeym,635202300028414
ZTF18abrqedj,614212100019997
ZTF18abrfccm,450202300015772
ZTF18abrebsb,400205200041138
ZTF18abqyvzy,648211100028029
ZTF18abqyaix,449202400027246
ZTF18abpttky,681215100016710
ZTF18abpmmpo,723215400005033
ZTF18abokyfk,736206200043177
ZTF18abojpnr,828203200024273
ZTF18abobkii,722215400010033
ZTF18abntsgz,596208200029913
ZTF18abncimo,645203300041446
ZTF18abmxfrc,634208100013151
ZTF18abmxdhb,825216200012251
ZTF18abmxahs,586216400042351
ZTF18abmrhom,595215400022683
ZTF18abmoung,822205100018857
ZTF18ablrljh,633202300009284
ZTF18ablqlzp,721211100018042
ZTF18ablqjul,720202200008805
ZTF18ablongw,825210400010403
ZTF18abktphg,597210200009719
ZTF18abkjnqy,582213400025714
ZTF18abkifng,847204400023823
ZTF18abkhcrj,634206300017796
ZTF18abjyjdz,532209200023817
ZTF18abjwahi,632203100007248
ZTF18abjtger,846202400022583
ZTF18abjtgdo,823208200002725
ZTF18abjstcm,849206200012032
ZTF18abixrei,678208300013838
ZTF18abixkjh,631211100021756
ZTF18abimhfu,679208400042291
ZTF18abifioh,633206400003319
ZTF18abiczpm,765208100035660
ZTF18abhhnnv,634212200040363
ZTF18abhgrff,846208300036144
ZTF18abhbqbh,846210300004770
ZTF18abgrbjb,798204300012865
ZTF18abgqkpc,792209200031455
ZTF18abgmcmv,798212300033739
ZTF18abfzixe,632215100021442
ZTF18abfzhct,762202200038305
ZTF18abfgygp,798208200013144
ZTF18abffyqp,762203100020850
ZTF18abffdpa,683212200018636
ZTF18abfeyey,796215400005293
ZTF18abfdupq,828215300016221
ZTF18abfcmjw,763214300000693
ZTF18abfchzq,683215300000752
ZTF18abfbbyh,849210400012430
ZTF18abeyqpr,848202200025556
ZTF18abetewu,758205300004872
ZTF18abetejo,718215400010719
ZTF18abespgb,580202200000824
ZTF18abeegsl,765206400005606
ZTF18abeamgv,723201200041669
ZTF18abeajml,634208300027400
ZTF18abdkkwa,797203200036048
ZTF18abdkimx,824206300020810
ZTF18abdfydj,796215300034921
ZTF18abdfwur,824215100027515
ZTF18abdffeo,629212300029656
ZTF18abdfazk,719211400019776
ZTF18abdefet,848206300012668
ZTF18abddrhd,679215300009312
ZTF18abdbysy,794211200041198
ZTF18abdbuty,796204300021549
ZTF18abcyilc,843206100004179
ZTF18abcyhju,625214200033815
ZTF18abcvush,586208200016366
ZTF18abcsgvj,797211300024713
ZTF18abcptmt,763209200024194
ZTF18abcpmwh,716201300027222
ZTF18abclfee,762209400028085
ZTF18abckutn,794210300032069
ZTF18abcfdzu,794208200022136
ZTF18abcezmh,725207100024190
ZTF18abceakp,821213200008744
ZTF18abcdzyc,820206100005124
ZTF18abbqjds,863211200032196
ZTF18abaxlpi,764201200042730
ZTF18abavruc,534212200013563
ZTF18abauprj,762206200028741
ZTF18abakunn,623212100011489
ZTF18aazjztm,796210400019839
ZTF18aazjflo,721208300022141
ZTF18aazixbw,795211200035931
ZTF18aazhwnh,631203100018081
ZTF18aayyqia,754201300026898
ZTF18aaytovs,682207400040597
ZTF18aaykjei,761210200003853
ZTF18aaydmkh,796202400021414
ZTF18aaybfsd,720201100036176
ZTF18aaxwjmp,825208200022152
ZTF18aaxvpsw,720207300011031
ZTF18aaxokeg,626203400030299
ZTF18aaxnqjb,579215300015065
ZTF18aaxkjmm,678214300021529
ZTF18aaxgwpl,825204100010267
ZTF18aaxeoqk,580202300010753
ZTF18aaxcfbt,788204300009118
ZTF18aawzens,678204300032471
ZTF18aawurud,765215200013002
ZTF18aawpwlf,670204400018133
ZTF18aawmeiw,825213400025002
ZTF18aawlxls,766213100042946
ZTF18aawjywv,725215400038181
ZTF18aawitry,825209100020370
ZTF18aawitoj,825209200024544
ZTF18aawgrxz,759210100020420
ZTF18aavvnzu,797202200018637
ZTF18aavsilo,580202300000956
ZTF18aavryhc,627212200007328
ZTF18aavrmlf,788206300024654
ZTF18aavdwmh,797214300010982
ZTF18aaunfqq,721205300000994
ZTF18aatmlsy,722203100027427
ZTF18aatlfus,634214400041687
ZTF18aatjfoe,719213300008385
ZTF18aatgdph,758214400012426
ZTF18aatezaj,793206400033933
ZTF18aasyjhd,629209100013790
ZTF18aasxvsg,719203400017405
ZTF18aasdted,825202200015692
ZTF18aarwxum,797215100011096
ZTF18aarmnnd,758208200010980
ZTF18aarlukc,819212300023876
ZTF18aarikzk,630214300017878
ZTF18aarcypa,622214400000475
ZTF18aarbgdn,571201400008513
ZTF18aarbaba,587209100023141
ZTF18aaqqoqs,757205200031717
ZTF18aaqqhis,752203200000238
ZTF18aaqpeoq,822210200027167
ZTF18aaqnxjb,822207100013130
ZTF18aaqldvl,673205400015726
ZTF18aaqkqxi,713206100028182
ZTF18aaqkdwu,757204200006826
ZTF18aaqkcso,717201200001239
ZTF18aaqjqqc,624210300017579
ZTF18aaqedfj,627209300005684
ZTF18aaqcqvr,756203100012289
ZTF18aapictz,624211200030750
ZTF18aaoxrup,795212200023729
ZTF18aanygjk,797209200000927
ZTF18aanxlcr,723202200021220
ZTF18aansqun,723215300015020
ZTF18aansqov,723207200011988
ZTF18aansqom,723207200021582
ZTF18aannern,721209200027995
ZTF18aanhpii,797208300021207
ZTF18aangpkx,681208200015113
ZTF18aamzgzi,720216400014060
ZTF18aamxads,822212100013430
ZTF18aamvfeb,677209200006733
ZTF18aaklpdo,624208200029731
ZTF18aakkrjm,624205300016746
ZTF18aakiwbs,794216300004862
ZTF18aajpjdi,626209100000489
ZTF18aajkrxi,624215100012967
ZTF18aajkcdn,623214200019868
ZTF18aajivpr,789203100036552
ZTF18aaizerg,759216300010119
ZTF18aaiykoz,722208200037450
ZTF18aaiwzie,677204300021818
ZTF18aaisqmw,789212400011533
ZTF18aahvndq,626209300006222
ZTF18aahtjsc,753206100014153
ZTF18aahfbqp,572216400000776
ZTF18aahatvc,677201300032771
ZTF18aagtwyh,576201200003321
ZTF18aafzers,616214100026149
ZTF18aaewdgq,566215200025979
ZTF18aaermez,712208300008943
ZTF18aadzfso,706214300010390
ZTF18aadxnul,705214300012039
ZTF18aadsuxd,665208300006727
ZTF18aadmssd,706216400013636
ZTF18aadlaxo,748214200009867
ZTF18aacnlxz,709201200009834
ZTF18aacemcn,667212400007213
ZTF18aaaqexr,574201300005542
ZTF18aaaonon,521216300009633
ZTF18aaaibml,520202100021507
ZTF17aadlxmv,664210400025467
ZTF17aacldgo,402201100001992
ZTF17aabtvsy,712202300018541
