ZTFID,OID,IAUID,RA,Dec,peakt,peakfilt,peakmag,peakabs,duration,rise,fade,type,redshift,b,A_V
ZTF23aanxepa,480209400003036,SN2023ktu,15:45:35.39,+05:12:56.9,2123.75,g,18.0675,-19.44,24.163,11.424,12.739,SN Ia,0.067,43.15309181,0.15
ZTF23aantmqa,863214200005956,SN2023kxf,15:18:42.98,+79:28:16.7,2121.9,g,18.5181,-19.65,26.122,10.247,15.875,SN Ia,0.094,35.34477854,0.077
ZTF23aamqzyz,823215300032408,SN2023jvt,15:22:32.76,+64:51:42.3,2114.79,g,16.5267,-19.14,27.484,10.779,16.705,SN Ia,0.03,45.367257,0.083
ZTF23aamqtel,579203100001061,SN2023jvj,13:53:02.45,+16:49:10.9,2113.76,g,15.6696,-18.98,23.938,9.235,14.703,SN Ia,0.019,72.41459783,0.072
ZTF23aakstht,796203300001465,SN2023jac,17:00:05.33,+51:55:55.1,2109.86,r,18.2314,-18.47,32.029,17.948,14.081,SN Ic,0.0495,37.96939147,0.052
ZTF23aakcbfv,728214400047685,SN2023iwz,19:52:18.46,+42:53:12.1,2089.95,r,17.6171,-16.19,27.525,6.793,20.732,SN II,0.01,7.99916189,0.773
ZTF23aakaqht,526211200000520,SN2023ito,12:49:43.16,+13:30:52.8,2089.78,g,17.761,-19.32,25.334,6.007,19.327,SN Ia,0.056,-37.59402746,0.122
ZTF23aajmpsa,532215300015180,SN2023ipx,15:38:01.55,+14:24:42.6,2092.83,g,17.7137,-19.53,22.142,9.171,12.971,SN Ia,0.06,49.25384768,0.131
ZTF23aajjddh,425214100035458,SN2023hzy,13:51:06.49,+00:27:50.9,2089.75,r,17.1937,-18.46,27.45,9.391,18.059,SN Ia,0.03011,59.72983586,0.094
ZTF23aajaygo,726212400007907,SN2023hyv,18:20:30.14,+41:00:59.7,2085.87,g,18.5368,-19.28,22.406,9.343,13.063,SN Ia,0.08,22.93093217,0.086
ZTF23aaiwxqy,375212400033991,SN2023hzf,14:19:50.10,-09:18:00.6,2084.82,g,17.1169,-19.83,23.563,9.033,14.53,SN Ia,0.052,47.73774659,0.143
ZTF23aaiwvdh,848212100012810,SN2023hui,17:13:47.59,+70:34:46.8,2084.86,g,17.078,-19.34,24.442,8.715,15.727,SN Ia,0.042,33.52771187,0.094
ZTF23aaijkwo,374206100002489,SN2023hsu,14:04:34.52,-10:14:04.6,2077.88,g,17.1082,-19.13,18.936,7.063,11.873,SN Ia,0.038,48.64133593,0.13
ZTF23aafrhew,799213400026856,SN2023gaj,19:50:44.47,+57:33:14.6,2061.93,g,18.0032,-19.44,22.287,7.659,14.628,SN Ia,0.06,15.22604215,0.298
ZTF23aaeqsvb,582211300016452,SN2023fix,15:16:10.39,+19:46:39.8,2053.86,g,18.7182,-19.30,32.453,8.126,24.327,SN Ia,0.086,56.12476853,0.114
ZTF23aaencty,633210400013121,SN2023euh,16:41:18.04,+26:44:34.5,2049.95,g,18.3383,-19.15,>28.12,>6.07,22.05,SN Ia,0.064,39.24443365,0.22
ZTF23aaemnzd,372207200013731,SN2023fbk,12:57:09.48,-10:04:17.1,2058.77,r,18.5228,-17.62,>37.445,>14,23.445,SN Ic,0.037,52.77439345,0.143
ZTF23aaedvtn,816209200008304,SN2023ekx,09:41:11.97,+63:35:40.8,2036.78,g,18.5391,-18.29,>16.008,>0.05,>15.958,SN II,0.05,42.4932689,0.117
ZTF23aaecexq,678216400013703,SN2023erg,15:30:05.64,+35:40:20.0,2057.92,r,18.8601,-18.52,75.157,21.195,53.962,SN IIn,0.067,55.33281095,0.06
ZTF23aaeavsh,581209200008373,SN2023eem,15:05:14.53,+20:34:55.1,2044.83,g,18.0631,-19.35,>24.053,>12,12.053,SN Ia,0.066,58.81168393,0.097
ZTF23aadwigb,668207400005675,SN2023ecj,10:26:48.63,+31:46:22.7,2042.8,r,17.6426,-19.13,20.897,7.633,13.264,SN Ia,0.051,58.320187,0.054
ZTF23aadaxfn,788211400032733,SN2023dbc,11:11:39.21,+55:40:29.0,2030.85,r,16.7627,-13.25,>22.857,>10.14,12.717,SN Ic,0.0023,56.26450257,0.045
ZTF23aaccacy,706202200026874,SN2023cmx,07:06:54.66,+37:58:35.5,2045.66,g,18.195,-22.02,>58.959,38.919,>20.04,SLSN-I,0.22,19.14216667,0.205
ZTF23aaatrek,838216100022249,SN2023asz,05:42:02.82,+72:09:26.7,1981.66,g,18.1795,-19.34,21.358,10.133,11.225,SN Ia,0.061,20.65537894,0.329
ZTF23aaapokf,754203200002151,AT2023aaz,11:36:03.39,+45:25:20.5,1985.89,r,17.1857,-19.56,45.758,15.304,30.454,SN Ia,0.05,66.3443077,0.074
ZTF23aaagncz,784211300000563,SN2023qb,08:16:05.44,+55:48:23.1,1969.78,g,16.8743,-18.98,17.773,7.27,10.503,SN Ia,0.0319,33.89949299,0.128
ZTF23aaaboss,319206200024661,SN2023bu,11:53:11.26,-17:50:34.0,1965.88,r,17.5654,-19.01,>23.889,>13.95,9.939,SN Ia,0.046,42.8629733,0.094
ZTF23aaabctl,465207100014233,SN2023gz,08:42:01.46,+03:48:26.2,1967.86,r,18.0261,-19.38,>27.934,>16.04,11.894,SN Ia,0.067,26.25301821,0.101
ZTF22acbacvy,323204200001726,SN2022adzl,13:32:01.08,-19:12:48.6,1968.96,r,17.7836,-17.53,>88.796,>30.93,57.866,SN II,0.024,42.62638993,0.289
ZTF22abyokkf,629206200014740,SN2022acri,14:34:19.17,+25:52:55.4,1984.96,r,17.9012,-17.02,>117.806,>60.95,56.856,SN II,0.02172,66.98911959,0.079
ZTF22abynpmq,837213300014620,SN2022acyr,05:39:53.98,+71:40:12.1,1935.78,r,18.3775,-19.67,32.154,11.584,20.57,SN Ia,0.082,20.29756963,0.33
ZTF22abyhxlj,296214400004400,SN2022acqg,01:10:01.90,-14:36:44.4,1932.61,g,17.1412,-19.95,25.961,8.974,16.987,SN Ia,0.058,-76.75596919,0.066
ZTF22abuqitl,349209300003137,SN2022abgg,02:23:00.88,-09:11:49.2,1913.72,g,17.9173,-19.55,21.833,8.074,13.759,SN Ia,0.069,-61.91123773,0.067
ZTF22abtomri,842208300005507,SN2022aber,10:21:25.29,+67:32:03.6,1914.93,r,18.746,-17.50,46.633,11.477,35.156,SN II,0.04,43.72334715,0.069
ZTF22abtctzp,754215200005703,SN2022zkb,11:37:04.57,+50:49:09.5,1893.97,r,18.0803,-18.64,>30.758,>0,>30.758,SN II,0.05,62.42283874,0.045
ZTF22abtcpig,775201200042347,SN2022zyd,02:08:33.21,+52:49:36.3,1922.68,r,18.2648,-19.34,61.016,26.937,34.079,SN IIn,0.063,-8.29459539,0.496
ZTF22abstcjq,526206100013472,SN2022zse,13:02:40.13,+11:03:04.3,1903.04,r,18.3023,-19.59,>32.746,>15,17.746,SN Ia,0.084,73.70735472,0.078
ZTF22absqpsa,748201400005648,SN2022zmx,08:15:06.47,+44:13:01.0,1903.93,r,18.3588,-18.91,38.23,13.953,24.277,SN Ia,0.062,33.07413798,0.139
ZTF22abrreei,819205300002619,SN2022zjz,12:17:53.09,+60:45:09.5,1898.95,g,17.848,-19.46,>31.38,>13.93,17.45,SN Ia,0.065,55.89742248,0.043
ZTF22abrborz,781205300007093,SN2022yzd,06:29:45.36,+53:22:15.5,1897.82,r,18.1807,-19.18,25.497,12.428,13.069,SN Ia,0.06,18.40769365,0.337
ZTF22abqyiaa,246206200010187,SN2022yzg,00:36:27.73,-25:01:00.0,1885.75,g,18.5167,-19.53,>23.712,>5.02,18.692,SN Ia,0.091,-86.02948189,0.036
ZTF22abqiyik,691202400006874,SN2022yya,22:37:02.84,+29:56:27.9,1894.61,r,18.5111,-19.63,25.297,9.832,15.465,SN Ia,0.089,-24.50584706,0.23
ZTF22abodqjf,600208400031257,SN2022yqa,23:52:19.08,+24:47:01.7,1894.77,r,18.09,-19.24,27.106,15.445,11.661,SN Ia,0.063,-36.16648443,0.165
ZTF22abobhmn,850202200017773,SN2022yoi,20:06:50.06,+66:45:20.3,1888.62,r,18.6123,-19.46,25.15,12.633,12.517,SN Ia,0.065,17.78811861,0.98
ZTF22abniami,689209100036721,SN2022yao,21:41:16.70,+34:30:54.9,1879.77,r,18.5633,-19.40,25.849,8.956,16.893,SN Ia,0.071,-13.6906063,0.611
ZTF22abnemvx,710206300031730,SN2022xno,09:24:38.44,+39:08:12.5,1880.93,g,18.0301,-19.20,26.678,9.711,16.967,SN Ia,0.063,45.69671186,0.035
ZTF22abmcnmz,766213400048228,SN2022xbr,19:51:03.38,+49:47:09.0,1877.63,r,17.9273,-17.88,31.717,12.963,18.754,SN Ia,0.027,11.56102335,0.571
ZTF22abkbjsb,568205200037903,SN2022vym,08:54:01.09,+18:41:18.1,1860.95,r,17.8913,-16.14,>50.866,>6.96,43.906,SN II,0.0145,35.15797664,0.064
ZTF22abjzweh,749202300011186,SN2022wku,08:37:48.20,+44:30:00.5,1874.99,r,18.1607,-20.76,>44.057,>21.04,23.017,SN II,0.13415,37.13888725,0.069
ZTF22abizgac,552203300003483,SN2022wiw,00:58:44.99,+15:44:22.0,1866.79,g,18.6647,-19.29,24.137,12.365,11.772,SN Ia,0.078,-47.09548403,0.242
ZTF22abiwwyf,500204300027017,SN2022wcz,00:22:43.71,+08:28:49.5,1872.87,r,18.3882,-16.41,27.353,16.578,10.775,SN II,0.02,-53.71796446,0.141
ZTF22abiozoc,848204100013651,SN2022wlh,17:16:47.74,+66:30:40.3,1859.72,r,18.5985,-19.41,26.822,6.869,19.953,SN Ia,0.088,34.09445073,0.092
ZTF22abhyzjq,546215400014614,SN2022vwd,22:13:43.20,+14:12:32.7,1859.73,r,18.9869,-19.14,27.961,10.008,17.953,SN Ia,0.09,-33.67449696,0.179
ZTF22abhxptj,727211100039825,SN2022wep,19:07:42.24,+42:19:43.1,1859.66,g,17.6483,-19.61,21.308,6.296,15.012,SN Ia,0.059,15.09349372,0.178
ZTF22abgiayt,388201200030899,SN2022vga,20:45:44.60,-12:04:35.4,1852.65,g,18.8477,-19.49,22.484,9.921,12.563,SN Ia,0.099,-30.77610169,0.126
ZTF22abfzaqd,857207300007305,SN2022uou,05:09:24.08,+74:55:04.1,1843.96,r,18.4665,-19.08,>18.123,>4.11,14.013,SN Ia,0.063,19.91029859,0.426
ZTF22abfwign,799202200025134,SN2022udk,19:25:21.89,+52:19:34.1,1839.68,g,18.4242,-18.99,>18.052,>0,>18.052,SN II,0.0548,16.30128892,0.441
ZTF22abfuwel,596203300011066,SN2022uda,22:04:29.58,+16:04:08.7,1849.68,r,18.029,-17.25,>18.927,>9.96,8.967,SN Ib,0.025,-30.79452343,0.14
ZTF22abfrbnl,645212400006296,SN2022ubr,22:21:47.13,+26:43:31.1,1843.83,g,17.4388,-19.48,>20.982,>4.1,16.882,SN Ia,0.05,-25.23401169,0.193
ZTF22abeyzcl,848207300038693,SN2022tbh,17:25:09.72,+67:49:45.7,1844.78,r,17.9542,-18.90,35.537,17.621,17.916,SN IIn,0.052,33.07518298,0.099
ZTF22abeioig,633215200020458,SN2022szq,16:25:31.12,+29:23:53.3,1840.64,g,18.6767,-19.42,25.515,15.04,10.475,SN Ia,0.091,43.22214957,0.075
ZTF22abecbbd,349215100036799,SN2022szg,02:12:10.37,-06:12:38.9,1840.91,g,17.7832,-19.38,24.819,13.766,11.053,SN Ia,0.06,-61.61384217,0.07
ZTF22abdstgi,294205100004322,SN2022ssj,00:19:34.60,-17:34:46.0,1829.88,g,18.248,-19.48,25.378,5.659,19.719,SN Ia,0.076,-77.94813105,0.102
ZTF22abdlnkm,651215100004053,SN2022smv,01:34:37.98,+36:43:14.5,1839.82,g,18.2124,-19.70,25.961,14.914,11.047,SN Ia,0.081,-25.34731247,0.135
ZTF22abdjqlm,796209200025493,SN2022sio,17:27:23.42,+56:33:31.7,1823.82,g,18.0187,-17.33,27.192,5.006,22.186,SN II,0.026,33.80424405,0.081
ZTF22abcvfgs,388215200014430,SN2022vxc,20:29:10.46,-06:46:17.0,1873.7,g,17.3684,-21.01,14.42,7.032,7.388,SLSN-I,0.1,-24.79262224,0.136
ZTF22abcfics,538216300005417,SN2022ryv,18:18:03.83,+14:29:01.7,1823.69,r,17.7231,-18.22,>25.417,>8.96,16.457,SN II,0.03,13.8325742,0.453
ZTF22abcckha,345207400018393,SN2022rvy,00:17:35.39,-11:17:10.4,1824.9,g,18.6869,-19.62,23.103,10.044,13.059,SN Ia,0.099,-72.27268766,0.096
ZTF22abbmemk,826201200007757,SN2022roy,18:30:42.71,+59:21:24.1,1821.67,g,18.7718,-19.16,23.581,8.346,15.235,SN Ia,0.082,25.67580323,0.128
ZTF22abawyul,245208100006370,SN2022rng,23:54:34.18,-25:05:40.3,1815.92,g,18.5897,-19.46,25.606,6.831,18.775,SN Ia,0.09,-77.08037178,0.057
ZTF22abatsqa,876211200020354,SN2022rjr,18:52:22.65,+85:11:25.5,1818.77,r,18.3697,-19.02,22.767,8.396,14.371,SN Ia,0.061,27.00538816,0.319
ZTF22abaqzcm,605206200000120,SN2022rhm,02:37:42.68,+26:00:27.1,1818.95,r,18.1643,-18.90,21.574,10.624,10.95,SN Ia,0.051,-31.02780479,0.405
ZTF22abaiyyz,645202100015375,SN2022rkf,22:41:02.77,+23:38:44.8,1816.78,g,18.8221,-19.33,>23.769,>10.86,12.909,SN Ia,0.089,-30.26175407,0.165
ZTF22abaette,847202200038906,SN2022rfh,16:37:41.61,+66:45:53.1,1814.74,r,18.9825,-19.04,>34.866,>9.05,25.816,SN Ia,0.089,37.76797454,0.078
ZTF22aazjgoi,601216100004936,SN2022rcj,00:23:05.12,+29:16:26.2,1810.87,g,18.5323,-19.19,19.985,8.417,11.568,SN Ia,0.075,-33.19049066,0.119
ZTF22aazeagq,601216300014325,SN2022rdt,00:20:44.58,+28:25:15.7,1810.93,r,18.9415,-19.23,29.369,8.805,20.564,SN Ia,0.094,-33.96496294,0.12
ZTF22aazbxmi,865215200001429,SN2022qzx,18:02:17.74,+80:06:03.1,1825.84,r,18.3601,-18.85,32.736,22.252,10.484,SN IIn,0.058,28.80001539,0.241
ZTF22aayvaoa,299201100013352,SN2022qsn,02:42:59.85,-19:11:40.7,1806.96,g,18.2415,-19.10,30.471,7.458,23.013,SN Ia,0.064,-63.22749409,0.092
ZTF22aayobas,489206100094035,SN2022qri,19:44:33.33,+04:26:44.9,1813.74,r,18.1124,-19.35,23.918,13.871,10.047,SN Ia,0.056,-9.69867865,0.642
ZTF22aaynvgi,597206100015364,SN2022qyb,22:45:00.75,+18:10:25.4,1806.87,r,18.9125,-18.99,24.648,10.979,13.669,SN Ia,0.082,-35.30587045,0.152
ZTF22aaycdbt,338202300003513,SN2022qjh,20:51:30.58,-20:10:13.0,1805.9,g,17.1673,-19.13,>24.775,>8.04,16.735,SN Ia,0.037,-35.11064449,0.226
ZTF22aawzdti,694203400017755,SN2022psj,00:10:38.99,+37:23:46.8,1806.91,r,18.45,-19.18,29.828,14.914,14.914,SN Ia,0.071,-24.76856451,0.215
ZTF22aawtunt,633212400011146,SN2022qbg,16:23:53.24,+26:52:43.9,1797.74,g,18.1627,-19.06,22.06,7.085,14.975,SN Ia,0.0613,43.05131923,0.078
ZTF22aawfjnt,503211400009085,SN2022ppg,01:55:26.49,+12:03:51.2,1800.88,g,18.5285,-19.62,26.123,12.668,13.455,SN Ia,0.088,-47.84290633,0.181
ZTF22aawfeov,553211200013278,SN2022pss,01:28:19.22,+20:23:45.3,1824.89,r,18.6942,-18.49,110.226,36.962,73.264,SN IIn,0.06,-41.64389112,0.121
ZTF22aavpkwo,682201100027792,SN2022pox,18:00:45.85,+31:04:20.3,1790.81,g,18.215,-17.49,>29.927,>4.03,25.897,SN II,0.03,23.73585347,0.118
ZTF22aausgkx,292208300028478,SN2022pdy,22:52:42.79,-25:38:13.6,1789.9,g,18.2615,-19.45,30.447,7.491,22.956,SN Ia,0.077,-63.42964451,0.067
ZTF22aauhism,866213100030642,SN2022pcc,21:16:54.84,+79:14:59.1,1789.84,r,18.3766,-19.10,22.889,7.051,15.838,SN Ia,0.058,20.45943021,0.563
ZTF22aaudeny,390213300018814,SN2022pag,21:40:41.13,-07:30:54.0,1790.84,g,17.3888,-18.46,20.278,8.002,12.276,SN Ia,0.032,-40.81347383,0.118
ZTF22aatunnt,493209200016707,SN2022oxj,21:43:19.02,+05:34:50.9,1797.86,r,18.6962,-17.77,34.959,19.028,15.931,SN Ib,0.04,-34.01470913,0.329
ZTF22aattwsv,286214400022031,SN2022oyc,20:13:20.55,-21:48:29.5,1783.88,r,17.7051,-18.78,>23.759,>7.04,16.719,SN Ia,0.0397,-27.28708765,0.374
ZTF22aatnyqk,633202100035957,SN2022oxt,16:40:14.83,+23:45:54.2,1787.75,g,17.3204,-18.78,25.156,7.227,17.929,SN Ia,0.036,38.6794381,0.111
ZTF22aaskqie,501211400015389,SN2022ojw,01:00:36.88,+12:29:06.4,1783.96,r,17.3259,-19.24,25.564,12.554,13.01,SN Ia,0.044,-50.32396914,0.193
ZTF22aarwwyy,648204400006405,AT2022ofv,23:50:24.86,+29:52:56.9,1772.96,r,18.2219,-18.39,14.017,6.86,7.157,SN Ic-BL,0.0472,54.53572324,0.072
ZTF22aarqrxf,533213200006012,SN2022npq,16:21:03.73,+14:50:54.7,1806.7,r,18.7562,-21.65,65.063,31.269,33.794,SLSN-I,0.26,54.53572324,0.072
ZTF22aaqrszt,548205100002409,SN2022rgv,23:22:51.59,+11:25:33.8,1818.91,r,17.7366,-19.20,19.384,11.453,7.931,SN Ia,0.053,-45.86231072,0.152
ZTF22aapmmtu,683209200037167,SN2022ojj,18:29:31.71,+35:05:24.3,1775.86,r,18.7575,-19.13,34.301,13.357,20.944,SN Ia,0.084,54.53572324,0.072
ZTF22aapkbkl,647213200010054,SN2022odp,23:45:33.32,+29:38:25.9,1862.8,r,18.5102,-20.41,122.835,82.984,39.851,SN IIn,0.134,54.53572324,0.072
ZTF22aaozpun,679207300028086,SN2022nqo,16:05:11.37,+31:35:18.4,1766.8,g,18.7399,-19.40,23.446,8.563,14.883,SN Ia,0.093,47.88608519,0.075
ZTF22aaotgrc,684214100053495,SN2022ngb,18:56:51.48,+36:37:07.8,1776.73,r,16.4819,-16.67,27.266,12.907,14.359,SN IIb,0.009,14.77948044,0.261
ZTF22aaosjja,579209200009047,SN2022ncc,14:05:39.25,+20:38:28.3,1753.77,g,17.9409,-19.04,>28.02,>2.04,>25.98,SN II,0.0542,71.86179839,0.103
ZTF22aaoqfsm,864201100018629,SN2022nkq,17:28:20.50,+73:27:19.3,1763.81,r,18.4344,-18.59,26.161,10.165,15.996,SN Ia,0.056,31.80279209,0.115
ZTF22aaolcan,822211400004668,SN2022nez,14:35:42.84,+62:30:27.7,1757.76,g,18.9196,-19.59,29.921,8.964,20.957,SN Ia,0.112,50.67285716,0.039
ZTF22aaoewrn,635211200004895,SN2022mtp,17:26:12.47,+27:37:07.3,1753.8,g,18.6228,-19.42,23.359,8.243,15.116,SN Ia,0.086,29.86355237,0.138
ZTF22aanwibf,580201400014963,SN2022mma,14:39:01.49,+15:59:11.7,1786.74,r,15.8514,-20.29,>49.597,32.637,>16.96,SN IIn,0.038,62.69778581,0.073
ZTF22aamtomc,791215400010680,SN2022lxq,13:26:53.27,+57:27:53.0,1753.74,g,15.6536,-18.70,22.464,10.446,12.018,SN Ia,0.017,59.02153304,0.023
ZTF22aamgpzz,337211300040517,SN2022lmf,20:15:05.25,-16:19:45.3,1748.87,r,18.4737,-17.06,29.178,12.591,16.587,SN II,0.0265,-25.66191252,0.284
ZTF22aamfvrs,849201300031391,SN2022lmr,19:17:30.61,+65:50:01.7,1743.91,g,18.1902,-19.60,26.209,9.677,16.532,SN Ia,0.075,22.00364925,0.175
ZTF22aambeqv,484203200050547,SN2022lkm,17:17:25.81,+02:31:15.3,1744.92,g,17.5629,-19.43,24.487,8.436,16.051,SN Ia,0.044,22.00104955,0.492
ZTF22aalwnzj,761212400012611,SN2022lov,16:03:01.80,+48:16:45.7,1742.93,g,18.5357,-19.51,24.119,9.627,14.492,SN Ia,0.09,47.5143986,0.058
ZTF22aalwghb,432213100024762,SN2022lvi,17:15:45.77,+00:32:20.8,1742.77,r,18.291,-19.14,23.095,10.835,12.26,SN Ia,0.052,21.41463941,0.788
ZTF22aalvmic,635207300028985,SN2022lzm,17:25:37.58,+24:21:28.9,1747.83,g,18.3499,-19.23,25.095,8.035,17.06,SN Ia,0.068,28.98580048,0.184
ZTF22aaknmbw,795215300008549,SN2022knz,16:14:19.41,+57:43:10.8,1730.87,g,18.9441,-18.17,>26.801,>7.04,19.761,SN II,0.06,43.34786295,0.026
ZTF22aaknhja,633207200004432,SN2022kie,16:26:43.33,+25:38:42.6,1734.77,r,18.5455,-18.86,25.42,10.948,14.472,SN Ia,0.0667,42.14149161,0.112
ZTF22aakemmo,676206100019917,SN2022kdz,14:45:17.51,+32:38:54.8,1726.85,r,18.0701,-18.95,25.707,8.828,16.879,SN Ia,0.05723,64.79369495,0.049
ZTF22aakbzzl,390210100031897,SN2022jyh,21:36:03.15,-08:11:38.3,1722.92,g,18.2765,-19.81,>19.727,>7.96,11.767,SN Ia,0.09,-40.142628,0.087
ZTF22aakaygk,533201100016532,SN2022kbm,16:25:18.32,+09:01:13.2,1723.86,g,18.2228,-17.54,>37.022,>9.05,27.972,SN II,0.03,36.49406559,0.164
ZTF22aajlruz,719214100020518,SN2022jsj,14:38:40.74,+43:44:51.5,1722.85,g,18.791,-19.26,23.555,11.624,11.931,SN Ia,0.09,62.76237066,0.057
ZTF22aajigho,480214400013593,SN2022jnm,15:39:07.81,+06:46:34.0,1719.84,r,18.1342,-19.44,24.833,9.907,14.926,SN Ia,0.07086,45.34609817,0.147
ZTF22aajhlat,860212200002562,SN2022jnv,09:23:35.62,+77:37:16.1,1715.76,g,18.1517,-19.51,>17.957,6.917,>11.04,SN Ia,0.076,34.2600151,0.048
ZTF22aaijrul,545208200012152,SN2022jsn,21:35:51.21,+10:51:07.3,1713.94,g,18.2966,-19.88,24.65,12.639,12.011,SN Ia,0.09,-29.26089645,0.165
ZTF22aaijnqy,763201200028876,SN2022iyn,17:47:31.67,+45:18:14.3,1710.95,g,18.3771,-19.48,25.234,8.329,16.905,SN Ia-91T,0.082,29.76486583,0.073
ZTF22aahhlnd,474209200022069,SN2022ied,12:59:37.27,+05:36:52.7,1709.72,r,17.35,-19.46,26.528,8.723,17.805,SN Ia,0.051,68.39828515,0.095
ZTF22aahhgue,789205200008824,SN2022igf,12:15:39.52,+54:30:45.2,1701.87,g,18.6653,-19.51,26.342,6.765,19.577,SN Ia,0.096,61.84308018,0.044
ZTF22aahftli,827206100017050,SN2022ihx,19:16:38.42,+61:41:15.4,1698.96,g,18.0882,-17.89,17.796,5.236,12.56,SN Ibn,0.033,20.80058994,0.171
ZTF22aafdaai,572208100032446,SN2022hbp,10:26:05.46,+18:24:44.2,1689.78,g,18.4506,-19.35,31.721,6.773,24.948,SN Ia,0.08,55.51272868,0.069
ZTF22aaezyos,758203300018448,SN2022hgk,14:10:23.70,+44:14:01.2,1711.85,r,17.8854,-17.90,19.222,6.242,12.98,SN Ib,0.033,66.67820023,0.018
ZTF22aaettxg,799205300025628,SN2022grr,19:41:30.62,+53:32:16.0,1685.87,r,18.8847,-19.34,>24.32,>9.92,14.4,SN Ia-91T,0.09,14.60098631,0.3
ZTF22aaemhwl,842202200022030,SN2022gnz,10:56:39.86,+67:10:50.4,1689.8,g,16.8244,-19.00,29.597,9.986,19.611,SN Ia,0.03312,46.30869541,0.04
ZTF22aadqlhy,377215400035775,SN2022frl,15:21:33.14,-07:26:52.0,1693.81,r,14.9641,-17.32,28.553,13.621,14.932,SN Ib-pec,0.006,39.84734416,0.269
ZTF22aadlnaf,621210200005396,SN2022fwg,10:35:07.90,+27:25:13.6,1683.87,r,18.2828,-17.84,23.486,9.896,13.59,SN Ia,0.038,59.807022,0.046
ZTF22aadgsdi,765204300012300,SN2022erq,18:33:25.35,+44:05:11.6,1679.98,r,16.1145,-21.30,>62.594,>9,53.594,SN Ia-CSM,0.066,21.5583853,0.145
ZTF22aadesjc,721215200004670,SN2022fnl,15:33:42.47,+43:44:45.4,1788.76,r,18.3595,-19.99,231.705,87.931,143.774,SN IIn,0.1035,53.48479478,0.073
ZTF21acojncf,474205200014036,SN2021aeer,13:00:02.29,+04:07:00.1,1540.04,r,17.9165,-19.20,>18.276,7.296,>10.98,SN Ia,0.059,66.89698848,0.082
ZTF21acjosix,788210100004929,SN2021aczr,11:28:15.89,+56:05:20.0,1525.04,g,18.8372,-19.46,28.416,10.927,17.489,SN Ia,0.102,57.41712984,0.035
ZTF21acjnajt,872204400001611,SN2021acpj,08:34:04.33,+80:24:43.0,1530.91,g,18.5499,-19.59,>25.127,15.117,>10.01,SN Ia,0.094,30.91754923,0.055
ZTF21aciobmz,745214100013838,SN2021abxi,06:12:34.57,+51:09:33.5,1524.86,r,17.8144,-17.33,>34.377,16.537,>17.84,SN IIP,0.02,15.12773563,0.555
ZTF21acinvvh,406214200018927,SN2021abzo,04:49:50.60,+00:34:00.9,1521.88,r,18.7143,-18.84,22.534,12.036,10.498,SN Ia,0.0675,-26.47529941,0.258
ZTF21achlxxo,856201100002858,SN2021abll,04:47:21.99,+74:01:42.0,1517.93,r,18.5352,-19.56,24.208,14.703,9.505,SN Ia,0.08145,18.19137587,0.405
ZTF21aceqgbv,858202100009222,SN2021aabn,07:34:44.07,+74:22:34.6,1496.87,g,18.401,-19.43,26.874,8.926,17.948,SN Ia,0.081,28.95681188,0.072
ZTF21acdvban,350210200004029,SN2021zso,02:43:28.29,-08:28:42.3,1489.88,g,18.9396,-19.39,24.282,7.301,16.981,SN Ia,0.102,-57.60700121,0.06
ZTF21acdkxcr,586212300007632,SN2021zhx,17:07:18.79,+19:20:02.2,1485.71,r,18.9572,-19.66,23.929,10.985,12.944,SN Ia,0.112,31.29997592,0.189
ZTF21acchbmn,647209400024306,SN2021zaa,23:46:41.12,+26:44:45.1,1480.84,g,18.0604,-17.86,36.23,7.449,28.781,SN II,0.0315,-33.9208947,0.206
ZTF21accgsbf,444203100027820,SN2021yyy,22:40:07.55,-05:00:12.5,1526.67,r,17.6493,-20.51,>39.993,22.983,>17.01,SN IIn,0.093,-51.70005528,0.134
ZTF21acbxtqq,662206300023660,SN2021yuq,07:19:47.71,+32:07:58.6,1480.0,g,18.0583,-18.66,23.699,6.737,16.962,SN Ia,0.046,19.60581083,0.181
ZTF21acbxtir,815203400027786,SN2021zac,08:20:57.09,+58:51:24.9,1488.0,r,16.586,-18.99,26.479,10.563,15.916,SN Ia,0.028,34.43753402,0.195
ZTF21acbvwej,400209200004449,SN2021yux,02:09:33.37,-01:08:16.0,1486.81,r,18.8225,-19.15,23.519,13.891,9.628,SN Ia,0.08662,-57.95964847,0.095
ZTF21abzithf,601205200006982,SN2024svu,00:43:01.67,+25:23:46.0,1477.74,r,18.4869,-19.56,23.771,7.647,16.124,SN Ia,0.09,-37.43644686,0.086
ZTF21abzciqh,602210200023287,SN2021yky,01:07:50.22,+27:18:53.2,1479.72,g,18.1593,-19.66,35.033,9.056,25.977,SN II,0.076,-35.41443852,0.176
ZTF21abybnni,391211200016626,SN2021ycy,21:54:15.68,-08:36:56.4,1473.86,g,18.5997,-19.12,25.772,8.782,16.99,SN Ia,0.07481,-44.27805177,0.126
ZTF21abxlmuw,553215200011247,SN2021ydc,01:25:17.62,+22:23:25.3,1828.95,r,17.7865,-19.26,73.565,7.506,66.059,SN IIn,0.055,-39.80950315,0.18
ZTF21abxknvv,394206300015058,SN2021xuj,23:25:08.08,-11:17:15.5,1472.91,g,18.602,-19.44,24.668,10.916,13.752,SN Ia,0.088,-64.27274249,0.095
ZTF21abwxhje,341212400004876,SN2021xxz,22:02:59.01,-16:28:38.3,1470.75,r,18.9093,-18.88,26.842,10.358,16.484,SN Ia,0.08,-49.67859751,0.089
ZTF21abwjibi,391201400014781,SN2021xdx,22:12:21.98,-13:24:05.8,1470.86,g,18.5414,-19.41,25.728,13.335,12.393,SN Ia,0.083,-50.45635821,0.126
ZTF21abwgpgt,823214100009575,SN2021xel,15:49:32.47,+65:42:11.7,1470.72,g,16.9508,-19.35,23.121,8.156,14.965,SN Ia,0.04,42.58419334,0.093
ZTF21abujgmr,848216100003836,SN2021wrr,17:11:07.79,+72:29:19.8,1464.8,r,18.4207,-18.29,44.201,16.206,27.995,SN IIn,0.048,33.25422586,0.139
ZTF21abujefa,724210100008153,SN2021wrs,17:30:42.23,+41:32:56.6,1460.78,g,18.4567,-19.58,32.758,13.884,18.874,SN Ia-91T,0.088,32.15737916,0.087
ZTF21abufayv,601205400007655,SN2021wud,00:48:08.15,+24:26:26.8,1456.83,g,18.6364,-19.38,25.233,9.164,16.069,SN Ia,0.085,-38.42468945,0.138
ZTF21abtgbwr,493211100015329,SN2021xau,21:29:10.57,+06:09:36.7,1453.78,r,18.9694,-18.99,24.815,8.867,15.948,SN Ia,0.083,-30.87187915,0.189
ZTF21abqvzjy,506202100009617,SN2021uth,03:29:02.92,+09:17:26.5,1438.98,r,17.0686,-20.02,>20.032,>9.03,11.002,SN II,0.047,-37.23310362,0.647
ZTF21abpwtde,599205200032104,SN2021uqz,23:47:30.51,+18:03:58.1,1448.8,r,18.9036,-17.50,45.98,20.625,25.355,SN Ib/c,0.04,-42.22141656,0.258
ZTF21abpvssa,733213400003472,SN2021uko,22:52:16.01,+43:06:49.9,1440.81,r,17.8374,-19.34,25.674,11.215,14.459,SN Ia-pec,0.0495,-14.60613323,0.622
ZTF21abpaodi,548207200030858,SN2021uhx,23:06:26.65,+11:32:59.1,1435.9,g,18.0246,-18.79,23.063,11.364,11.699,SN Ia,0.04624,-43.6899937,0.254
ZTF21abowqqa,534212400014081,SN2021uga,16:31:15.45,+12:19:18.1,1436.73,g,18.7187,-19.46,27.152,9.762,17.39,SN Ia,0.09,36.62576651,0.168
ZTF21abouexm,766207100049592,SN2021ucq,19:28:11.72,+47:11:32.3,1435.72,g,17.5574,-19.83,24.065,12.874,11.191,SN Ia,0.059,13.76542962,0.279
ZTF21abotose,584210100012861,SN2021ugl,16:27:55.68,+20:15:11.3,1441.67,r,18.5601,-17.85,18.489,8.339,10.15,SN IIb,0.0412,40.32938134,0.181
ZTF21abnvsic,723205100016343,SN2021uby,17:08:43.07,+39:32:07.0,1429.78,g,18.0855,-19.55,22.115,9.258,12.857,SN Ia,0.072,35.99409954,0.128
ZTF21abmwzxt,446215400006918,SN2021tsz,23:37:58.39,-00:26:29.4,1428.96,r,17.4048,-18.87,26.604,13.776,12.828,SN II,0.04,-58.0101068,0.094
ZTF21abmwwsq,737211100014821,SN2021tvm,00:44:17.79,+49:00:14.1,1428.97,r,17.7027,-18.70,26.91,10.051,16.859,SN Ia,0.037,-13.85092227,0.46
ZTF21abmwgdf,289205100011570,SN2021tti,21:52:06.57,-24:50:33.3,1426.86,g,18.5519,-19.16,26.676,8.724,17.952,SN Ia,0.074,-49.84696596,0.139
ZTF21abmjgwf,545207300032929,SN2021too,21:40:54.28,+10:19:30.4,1430.84,r,18.1393,-19.43,37.315,17.915,19.4,SN Ic-BL,0.07,-30.55050737,0.171
ZTF21abkezqs,393206200024242,SN2021spq,22:58:10.38,-10:31:34.1,1411.9,g,18.6961,-19.50,20.67,9.228,11.442,SN Ia,0.093,-58.60656713,0.12
ZTF21abjhiqp,548214100031937,SN2021srg,23:18:17.26,+14:50:04.8,1416.94,r,18.7245,-18.79,64.324,14.358,49.966,SN IIn,0.069,-42.33681629,0.145
ZTF21abjdqbo,825210200016025,SN2021ses,17:22:41.61,+63:11:10.7,1410.85,g,18.6783,-19.00,23.905,9.263,14.642,SN Ia,0.075,33.95612802,0.084
ZTF21abjaksr,649212400016833,SN2021rkp,00:22:48.22,+33:30:44.1,1409.93,g,18.8359,-19.63,25.431,10.434,14.997,SN Ia,0.104,-28.9798352,0.139
ZTF21abhzicj,822206200020849,SN2021qzn,14:42:14.62,+61:57:20.4,1404.72,r,17.6391,-18.55,24.658,9.617,15.041,SN Ia,0.03946,50.61667163,0.034
ZTF21abhyukx,632211200038956,SN2021qxq,15:58:19.84,+27:22:33.9,1403.73,r,18.9123,-19.13,24.916,12.582,12.334,SN Ia,0.0886,48.71662673,0.117
ZTF21abhshmt,757212200007123,SN2021qvg,13:20:21.14,+48:43:27.7,1403.7,r,17.2902,-19.62,22.192,10.028,12.164,SN Ia-91T,0.055,67.68887716,0.022
ZTF21abhrmrv,647208100036113,SN2021qtg,23:23:45.53,+25:48:59.8,1400.95,r,17.5877,-18.77,24.293,10.421,13.872,SN Ia,0.04,-33.00166656,0.193
ZTF21abhkeak,694204100039863,SN2021qoo,00:00:10.35,+38:24:19.6,1393.95,r,17.9573,-19.57,31.143,15.612,15.531,SN Ia,0.065,-23.37706214,0.326
ZTF21abhhbmd,645215400014741,SN2021qnv,22:32:39.97,+28:12:24.4,1394.93,r,17.5064,-18.91,26.907,10.04,16.867,SN Ia,0.042,-25.42552942,0.138
ZTF21abgmyzw,583206400014517,SN2021qdk,15:56:54.24,+17:18:33.4,1390.73,g,18.3319,-19.73,24.372,7.366,17.006,SN Ia,0.088,46.2186971,0.112
ZTF21abfqisi,644210200008633,SN2021pmt,22:06:41.96,+27:27:12.5,1391.94,g,18.4062,-19.67,24.886,12.235,12.651,SN Ia,0.084,-22.59067985,0.209
ZTF21abfoyac,537204300055888,SN2021pni,17:52:17.84,+08:14:23.1,1399.82,r,17.5174,-18.53,40.964,16.95,24.014,SN II,0.033,16.86558464,0.331
ZTF21abfoace,679214200039691,SN2021pnp,16:16:26.62,+36:44:26.2,1394.79,r,18.5501,-17.04,25.551,13.645,11.906,SN IIb,0.03,45.98505129,0.031
ZTF21abfnjiu,582212200020758,SN2021pkq,15:09:00.37,+20:38:27.4,1387.81,g,18.1298,-19.41,21.089,9.169,11.92,SN Ia,0.069,57.99553658,0.119
ZTF21abfiuqf,846209400027432,SN2021pla,16:05:38.19,+69:35:41.2,1384.83,r,18.337,-16.77,26.055,9.445,16.61,SN II,0.02364,39.25580181,0.081
ZTF21abegynu,638214400112842,SN2021oxy,19:09:34.65,+28:57:14.8,1382.86,r,18.8053,-19.42,25.767,12.483,13.284,SN Ia-91T,0.082,9.15903616,0.544
ZTF21abdmevk,722205300004781,SN2021ont,16:26:42.48,+39:08:42.9,1374.87,g,16.9046,-18.56,26.643,4.849,21.794,SN II,0.02833,44.05442556,0.025
ZTF21abcxner,627207200002430,SN2021nxh,13:29:12.61,+25:46:32.8,1383.76,g,18.0195,-19.50,27.508,13.535,13.973,SN Ia,0.072,81.44029077,0.024
ZTF21abctmnb,845207100019722,SN2021nzb,14:12:49.78,+68:40:14.6,1379.81,g,17.3477,-19.17,25.709,9.968,15.741,SN Ia,0.045,46.74121764,0.055
ZTF21abcrhpk,493211400027184,SN2021nqo,21:29:28.06,+04:53:14.9,1374.9,g,18.0659,-19.69,27.264,11.246,16.018,SN Ia,0.0744,-31.68717885,0.16
ZTF21abcnpnk,635204200021504,SN2021ntw,17:18:34.06,+23:20:28.6,1369.87,g,18.9637,-19.43,20.974,7.953,13.021,SN Ia,0.099,30.18576829,0.173
ZTF21abcmlzt,824208100004965,SN2021nnk,16:04:45.60,+61:29:05.6,1374.93,r,18.2686,-19.56,27.388,12.31,15.078,SN Ia,0.083,43.0894963,0.031
ZTF21abcmepi,473205200009917,SN2021nlj,12:31:27.02,+04:13:35.3,1369.73,g,18.5892,-19.44,32.91,9.527,23.383,SN Ia,0.089,66.60651695,0.065
ZTF21abcfgub,789215300014590,SN2021nir,11:54:00.25,+56:59:28.3,1367.76,g,18.3976,-19.33,26.836,9.593,17.243,SN Ia,0.078,58.43822672,0.053
ZTF21abbzjeq,679215400015888,SN2021mwb,16:08:57.11,+35:25:15.9,1371.87,g,17.0714,-19.35,26.672,11.817,14.855,SN Ia,0.043,47.4316193,0.061
ZTF21abbytmm,372203100008430,SN2021msv,13:00:23.78,-11:57:55.7,1362.69,g,17.6544,-19.34,20.931,8.317,12.614,SN Ia,0.054,50.84579603,0.117
ZTF21abbxdcm,530202100012708,SN2021msu,14:54:32.88,+09:13:41.2,1368.71,g,16.9705,-19.81,35.197,11.206,23.991,SN Ia-91T,0.05,55.88062002,0.08
ZTF21abbsbov,581207200035570,SN2021min,14:48:57.67,+18:19:36.1,1362.73,g,17.1321,-19.33,21.492,8.444,13.048,SN Ia,0.04209,61.58913776,0.128
ZTF21abbqeea,822205300033879,SN2021mkr,14:56:52.57,+60:50:05.1,1397.85,r,18.7448,-21.79,>104.879,29.049,>75.83,SLSN-I,0.28,50.22251193,0.027
ZTF21abbliav,544205100007200,SN2021mqv,21:31:32.78,+11:08:56.3,1359.95,g,17.6831,-19.21,18.823,7.221,11.602,SN Ia,0.049,-28.25666682,0.212
ZTF21abbjybk,631204300003324,SN2021mld,15:20:01.14,+22:53:11.9,1361.82,g,18.5742,-19.31,23.925,9.981,13.944,SN Ia,0.08,56.19173389,0.134
ZTF21aayrbnn,863208200006742,SN2021lea,14:21:35.15,+75:20:57.3,1358.93,g,18.9203,-19.18,21.437,18.524,2.913,SN Ia,0.09,40.47155814,0.1
ZTF21aayquba,679205200003197,SN2021lhg,16:25:12.55,+32:56:32.4,1349.87,g,18.4757,-19.58,24,8.256,15.744,SN Ia,0.09,43.85467593,0.063
ZTF21aayqrgx,845215400000774,SN2021lax,14:09:21.24,+72:07:02.1,1349.81,r,18.5521,-17.27,30.527,11.069,19.458,SN Ib,0.033,43.75709384,0.059
ZTF21aayfnjz,627207300027426,SN2021kww,13:27:59.14,+24:22:54.8,1359.71,r,17.1312,-17.88,24.914,15.979,8.935,SN IIb,0.023,81.32734235,0.03
ZTF21aaydxoo,476208400020579,SN2021kwc,13:35:47.91,+02:59:59.3,1346.8,r,16.8837,-18.03,28.175,8.967,19.208,SN IIn,0.02175,63.64156694,0.066
ZTF21aaxzbrn,635215200026745,SN2021kxx,17:26:25.49,+29:07:34.2,1345.9,g,18.6973,-18.87,23.556,8.311,15.245,SN Ia,0.07,30.24923833,0.115
ZTF21aaxxmvs,754208200025065,SN2021kum,11:26:29.32,+47:07:42.4,1353.68,r,18.794,-18.06,25.15,15.126,10.024,SN IIb,0.053,63.97077311,0.057
ZTF21aaxvnjy,725202300022318,SN2021ldj,18:00:40.88,+37:16:31.7,1345.91,g,17.8412,-19.79,26.786,9.852,16.934,SN Ia,0.073,25.57740746,0.097
ZTF21aaxswlc,788209300002921,SN2021krm,11:35:24.85,+55:26:56.5,1350.74,r,18.8914,-18.62,25.013,12.634,12.379,SN Ia,0.072,58.5164718,0.034
ZTF21aaxstzy,631204400036471,SN2021kpu,15:22:19.66,+22:40:54.4,1341.82,g,18.144,-19.39,25.227,8.168,17.059,SN Ia,0.069,55.624543,0.122
ZTF21aaxlbad,799208200017968,SN2021kmn,19:02:38.86,+54:29:08.2,1340.95,g,18.6711,-19.51,26.194,10.195,15.999,SN Ia,0.09,20.23564482,0.171
ZTF21aaxkckg,711209200004209,SN2021kmv,10:11:22.07,+41:47:18.1,1338.7,g,18.1408,-19.11,27.797,7.759,20.038,SN Ia,0.063,54.29817508,0.048
ZTF21aavuqzr,799213100009663,SN2021kat,19:50:31.65,+57:59:28.0,1366.9,r,18.0428,-20.52,60.779,30.071,30.708,SN IIn,0.1013,15.44886522,0.384
ZTF21aavozbk,626203300016551,SN2021kax,12:59:50.58,+22:43:23.9,1335.81,r,18.3356,-19.21,24.824,13.815,11.009,SN Ia,0.072,85.20076722,0.069
ZTF21aavotzn,786205100001957,SN2021jun,10:11:10.22,+54:33:02.3,1329.71,r,18.5045,-17.71,14.89,7.97,6.92,SN Iax,0.04,50.03937688,0.027
ZTF21aavheiv,846211100008124,SN2021kcu,15:24:25.85,+70:19:40.4,1334.87,r,18.0112,-18.85,38.079,10.904,27.175,SN Ia,0.053,41.65632631,0.058
ZTF21aavdqgf,529215100016282,SN2021kty,14:18:48.76,+15:00:50.8,1338.82,g,18.8086,-20.51,31.486,7.726,23.76,SLSN-I,0.159,66.35006746,0.063
ZTF21aautijg,675205300008057,SN2021iui,14:16:59.19,+32:14:06.5,1358.81,r,18.8694,-19.49,100.452,38.827,61.625,SN IIn,0.106,70.76764666,0.024
ZTF21aaublej,681213100040877,SN2021ixf,17:30:25.16,+37:00:39.2,1328.86,g,17.0236,-19.36,23.353,8.227,15.126,SN Ia,0.041,31.36708713,0.111
ZTF21aauapli,484209300052917,SN2021ixi,17:31:15.72,+05:26:22.3,1334.88,r,16.3996,-18.56,25.523,13.116,12.407,SN Ia-91T,0.02,20.29711053,0.335
ZTF21aatvcdl,749207200035295,SN2021iyb,08:28:12.67,+46:50:10.9,1325.72,g,17.7644,-19.03,20.831,6.876,13.955,SN Ia,0.05,35.59873094,0.095
ZTF21aatdzmt,677215100033293,SN2021imq,15:09:27.67,+36:49:02.8,1323.8,g,18.0703,-19.60,25.533,8.471,17.062,SN Ia,0.076,59.36027945,0.051
ZTF21aasyzkt,788211300011935,SN2021iqt,11:11:03.36,+55:07:50.9,1328.82,g,18.3904,-18.80,24.072,12.256,11.816,SN Ia,0.062,56.60517183,0.029
ZTF21aaswvyc,724208400025242,SN2021ijy,17:13:56.95,+39:05:55.6,1324.89,g,18.355,-19.22,22.193,10.141,12.052,SN Ia,0.07,34.93116434,0.125
ZTF21aassamj,536212100019153,SN2021ify,17:26:53.69,+13:10:43.8,1322.96,r,18.0875,-19.19,25.382,10.015,15.367,SN Ia,0.056,24.60883111,0.409
ZTF21aaskyvp,800203400075821,SN2021icu,20:04:34.90,+51:43:42.0,1320.99,r,18.5613,-19.98,23.2,11.31,11.89,SN Ia,0.1,10.66273756,0.396
ZTF21aasbkrl,677207300037629,SN2021hwp,15:05:41.55,+31:59:37.1,1323.8,g,18.9666,-19.08,21.823,11.252,10.571,SN Ia,0.09,60.52265966,0.054
ZTF21aarohyu,789203400001692,SN2021hzo,12:00:40.09,+51:50:27.3,1315.72,g,18.4802,-18.77,25.623,5.623,20,SN Ia,0.063,63.50583312,0.045
ZTF21aarigsr,630210400018774,SN2021iaf,15:11:22.52,+26:47:32.1,1321.88,g,17.3857,-19.85,27.258,10.253,17.005,SN Ia,0.059,58.91851758,0.154
ZTF21aarenhl,715205200009627,SN2021htr,12:26:41.96,+40:04:01.0,1321.76,g,17.0867,-19.17,23.455,11.586,11.869,SN Ia-pec,0.04,76.08331971,0.053
ZTF21aarcobt,799211100008089,SN2021hsn,19:22:16.83,+56:21:00.2,1313.95,r,18.4208,-18.71,29.389,10.042,19.347,SN IIn,0.054,18.26507264,0.329
ZTF21aaradzm,862211400016147,SN2021hur,13:30:59.36,+77:12:52.6,1335.83,r,18.0112,-17.61,69.886,23.954,45.932,SN IIn,0.03,39.69557295,0.066
ZTF21aaqwfqe,626206300030208,SN2021hen,13:07:43.90,+24:48:37.7,1313.8,r,17.8425,-16.99,20.613,10.81,9.803,SN Ib,0.0211,85.66648826,0.046
ZTF21aaqvuyf,815214300016363,SN2021hmb,08:33:34.08,+64:35:06.8,1312.79,r,18.1853,-18.81,22.528,11.914,10.614,SN Ia,0.053,35.20392399,0.227
ZTF21aaqsprr,625215400037102,SN2021hiw,12:30:51.24,+28:35:12.2,1313.76,g,18.3864,-19.10,28.488,12.454,16.034,SN Ia,0.07,85.22289091,0.054
ZTF21aaqpykm,531214200010734,SN2021hay,15:18:09.44,+15:10:34.6,1307.88,g,18.3473,-18.83,25.07,8.14,16.93,SN Ia,0.06,53.92396436,0.077
ZTF21aaqhqke,578203200001383,SN2021gpw,13:21:54.85,+16:44:39.7,1329.77,r,17.6281,-20.00,67.409,31.972,35.437,SN IIn,0.075,77.4475745,0.063
ZTF21aaqgrrf,468205200012408,SN2021gqm,10:15:02.67,+03:47:47.5,1303.76,g,18.5314,-19.33,26.398,9.104,17.294,SN Ia,0.082,46.00204622,0.073
ZTF21aaqftpz,691210400015139,SN2021gmh,22:34:33.37,+34:00:19.0,1303.03,r,15.898,-19.48,>24.959,>9.99,14.969,SN Ia,0.025,-20.79602605,0.252
ZTF21aaprgdh,423205300012131,SN2021fom,12:59:12.07,-04:12:14.4,1291.8,g,18.8746,-19.19,30.556,14.579,15.977,SN Ia,0.09,58.61160853,0.071
ZTF21aappktx,418201200019437,SN2021fwm,10:37:18.17,-05:09:38.2,1304.71,g,18.2747,-19.31,27.555,12.549,15.006,SN Ia,0.07,44.25366079,0.131
ZTF21aapomdb,815214400008374,SN2021fou,08:36:32.70,+64:45:10.5,1302.73,r,18.3723,-19.33,25.206,13.224,11.982,SN Ia,0.07,35.48432693,0.334
ZTF21aaplnxw,761202100029023,SN2021glz,16:24:52.05,+45:10:51.3,1308.89,g,17.7385,-20.00,30.215,14.23,15.985,SN Ia,0.08,44.2547512,0.02
ZTF21aapkvrd,376205100025495,SN2021gqc,15:07:47.95,-10:14:49.8,1306.94,r,17.694,-19.10,20.715,11.012,9.703,SN Ia,0.047,40.1038481,0.294
ZTF21aapkhsc,374209200013520,SN2021fof,14:08:12.79,-08:49:58.0,1300.86,g,17.0056,-19.32,22.972,10.782,12.19,SN Ia,0.04,49.51097703,0.111
ZTF21aapjmpq,530209400012166,SN2021fzq,15:01:07.28,+12:18:50.3,1302.92,r,18.8398,-20.03,24.261,9.948,14.313,SN Ia-91T,0.13,56.22541052,0.097
ZTF21aapjmgf,581204100024847,SN2021fzp,14:43:56.08,+16:24:47.6,1292.93,g,18.4357,-18.51,28.461,7.435,21.026,SN II,0.054,61.85582263,0.077
ZTF21aaowaxx,825212300009211,SN2021fel,16:51:58.52,+62:34:04.3,1297.81,g,18.3443,-19.10,32.768,12.61,20.158,SN IIn,0.068,37.50922069,0.074
ZTF21aaovhxe,275214300011555,SN2021feg,14:47:57.32,-22:11:19.3,1297.9,r,18.047,-19.27,26.348,13.277,13.071,SN Ia,0.06,33.20574528,0.276
ZTF21aaovdlh,465207400007333,SN2021fck,08:41:22.68,+02:53:23.3,1293.65,g,17.8715,-19.16,21.202,6.137,15.065,SN Ia,0.056,25.67150042,0.084
ZTF21aaoqcnh,537206100043795,SN2021feu,18:09:54.91,+11:18:05.5,1291.96,r,17.5206,-18.96,27.029,11.026,16.003,SN Ia,0.04,14.27741475,0.346
ZTF21aaopqqk,826205100027843,SN2021gbq,18:41:50.47,+61:15:23.1,1292.01,g,18.2948,-19.30,20.285,8.549,11.736,SN Ia,0.0705,24.69056107,0.128
ZTF21aaoexgy,580211300034076,SN2021fbc,14:18:39.82,+19:44:53.9,1292.0,g,17.8469,-19.22,20.392,10.381,10.011,SN Ia,0.057,68.71363996,0.079
ZTF21aaodljj,859203100008702,SN2021epq,08:36:28.82,+74:09:58.9,1293.66,g,17.6395,-19.22,24.184,9.013,15.171,SN Ia,0.053,33.10161851,0.043
ZTF21aanzcuj,715215300026223,SN2021enz,12:07:05.23,+42:59:18.3,1329.75,r,18.439,-16.67,113.57,56.761,56.809,SN II,0.024,71.76482399,0.037
ZTF21aanyyde,315207400012556,SN2021egg,09:56:41.57,-18:43:59.4,1290.75,r,18.0934,-19.08,26.027,13.603,12.424,SN Ia,0.06,27.58349053,0.113
ZTF21aanuyro,822201200026949,SN2021eno,14:59:18.35,+59:54:01.1,1291.81,g,18.289,-19.18,24.455,13.669,10.786,SN Ia,0.07,50.63737392,0.034
ZTF21aamucom,367203300016977,SN2021dsb,10:35:18.79,-13:00:19.5,1290.75,r,16.462,-18.81,28.369,15.596,12.773,SN Ia-91T,0.025,38.02653718,0.133
ZTF21aalimtr,819210400014095,SN2021dfs,12:12:55.76,+62:49:38.0,1272.9,g,17.8967,-18.91,17.907,7.462,10.445,SN Ia,0.05134,53.74289634,0.058
ZTF21aalekwo,312209300019314,SN2021dgc,08:45:21.21,-16:12:39.0,1274.74,g,18.2613,-19.43,22.454,10.226,12.228,SN Ia,0.07,16.27248223,0.218
ZTF21aakijia,584201300039940,SN2021csf,16:29:38.68,+15:39:10.4,1270.93,g,18.082,-18.77,23.564,7.497,16.067,SN Ia,0.05,38.3198851,0.142
ZTF21aajtsba,473211100034976,SN2021dda,12:19:11.08,+06:08:52.9,1272.91,g,18.2883,-19.22,24.376,10.967,13.409,SN Ia-91T,0.07,67.661651,0.066
ZTF21aaipypa,470210300028750,SN2021cgu,11:03:03.71,+05:05:53.4,1270.84,r,17.0515,-18.28,46.702,14.722,31.98,SN II,0.026,56.06858096,0.101
ZTF21aaiaqhh,673204400023858,SN2021can,12:55:30.80,+30:01:40.8,1258.88,g,16.8345,-17.96,16.512,4.492,12.02,SN II,0.0207,86.96552805,0.031
ZTF21aahzspd,570213300012292,SN2021cjx,09:52:01.13,+21:10:26.8,1266.78,g,18.9321,-19.57,22.471,10.822,11.649,SN Ia,0.11,48.85256877,0.062
ZTF21aahfjrr,795210100011823,SN2021bwf,16:35:02.94,+56:28:38.4,1279.0,r,18.8085,-20.90,66.459,22.614,43.845,SN IIn,0.194,40.97147974,0.025
ZTF21aahfjlo,792202200007289,SN2021clz,14:18:35.80,+52:06:04.0,1266.89,r,17.7167,-18.44,20.151,9.002,11.149,SN Ia,0.039,60.16359323,0.027
ZTF21aahfjbs,582207200006957,SN2021cky,15:17:35.40,+18:07:05.0,1261.0,g,18.4374,-19.21,24.864,6.321,18.543,SN Ia-pec,0.073,55.22688822,0.113
ZTF21aagycrc,627209400006130,SN2021bjd,13:47:49.22,+26:24:00.6,1249.94,g,17.6706,-19.72,18.276,4.412,13.864,SN Ia,0.068,77.40005121,0.029
ZTF21aagtexi,755201200012957,SN2021bqo,12:34:58.34,+45:26:57.1,1260.91,r,18.5928,-19.16,25.122,11.955,13.167,SN Ia,0.08,71.38782068,0.036
ZTF21aagtcgb,720215200007866,SN2021bmb,14:57:18.08,+43:27:34.9,1256.95,r,17.4009,-18.69,25.497,10.7,14.797,SN Ia,0.0375,59.84367614,0.048
ZTF21aagsihi,575210100009871,SN2021bsf,12:06:04.04,+20:32:13.3,1258.87,g,16.3062,-18.85,22.893,8.801,14.092,SN Ia,0.0237,77.71789994,0.086
ZTF21aagpymw,522211300025004,SN2021bnw,10:53:52.17,+12:33:29.0,1262.91,g,17.3936,-20.84,67.558,15.15,52.408,SLSN-I,0.098,58.87294162,0.054
ZTF21aagocor,415207100010786,SN2021bpn,08:59:29.58,-02:55:37.6,1260.87,g,17.7582,-19.37,23.331,9.047,14.284,SN Ia,0.06,26.60919991,0.038
ZTF21aagnwkk,519211200007746,SN2021bne,09:27:57.10,+12:47:28.6,1248.79,g,18.9997,-19.62,24.886,6.914,17.972,SN Ia,0.113,40.44020756,0.114
ZTF21aafkktu,523213300000821,SN2021avg,11:39:58.99,+14:31:40.6,1234.95,g,18.3987,-17.37,36.976,2.997,33.979,SN II,0.031,69.1282649,0.108
ZTF21aaasxel,664211300003128,SN2021aoe,08:14:18.37,+33:57:58.4,1232.81,r,18.9011,-19.15,28.793,12.86,15.933,SN Ia,0.088,31.05603035,0.145
ZTF21aaarmti,352208200007769,SN2021ek,03:23:49.90,-10:02:41.2,1232.72,g,18.7942,-21.09,39.092,16,23.092,SLSN-I,0.193,-50.27981974,0.169
ZTF21aaahzpr,421211400004981,SN2021pp,11:49:11.60,-02:17:11.2,1225.98,g,18.7145,-19.33,34.841,12.141,22.7,SN Ia,0.09,56.98106606,0.055
ZTF21aaafzwx,462209200026575,SN2021hq,07:31:26.04,+05:32:56.0,1227.84,g,18.4544,-19.46,35.425,11.411,24.014,SN Ia,0.08,11.41409161,0.167
ZTF21aaabaey,708216200033815,SN2021F,07:55:09.87,+44:07:52.3,1227.93,g,18.0787,-19.34,22.412,9.991,12.421,SN Ia,0.06569,29.52776112,0.113
ZTF20acxvvnf,457209200000114,SN2020adle,05:10:20.60,+06:20:19.8,1215.65,g,17.4039,-19.62,24.007,10.323,13.684,SN Ia,0.05,-19.10523832,0.284
ZTF20acxpurh,257215400030742,SN2020acts,05:57:52.73,-21:33:08.4,1215.77,r,17.8201,-19.40,26.646,15.416,11.23,SN Ia,0.06,-21.0507393,0.16
ZTF20acwphqb,524214400003172,SN2020acej,12:02:14.94,+14:18:42.2,1200.96,g,18.3967,-19.44,23.972,7.901,16.071,SN Ia,0.08,72.80396833,0.098
ZTF20acwnrty,619201300015718,SN2020acef,09:44:23.97,+22:58:44.9,1203.91,g,18.0184,-19.33,27.644,6.658,20.986,SN Ia-91T,0.065,47.6743849,0.077
ZTF20acwncbd,616213200013578,SN2020acoe,08:14:53.61,+29:07:02.8,1206.87,g,18.1466,-19.68,25.854,9.845,16.009,SN Ia,0.08,29.92034499,0.089
ZTF20acvjagm,516215200023861,SN2020abtf,07:59:34.48,+15:17:59.9,1189.99,g,16.7208,-17.29,32.051,1.203,30.848,SN II,0.014,21.82653537,0.093
ZTF20acveyyv,759214100015405,SN2020vci,15:04:22.63,+51:04:56.8,1203.03,r,18.1329,-21.58,>56.191,>16,40.191,SN IIn,0.193,55.32798226,0.04
ZTF20acvejem,564210300023466,SN2020ackf,06:53:39.25,+19:05:13.0,1202.86,g,17.8643,-19.63,28.127,9.215,18.912,SN Ia,0.063,9.04687961,0.249
ZTF20acvebcu,843207400020414,SN2020abqx,11:52:24.66,+67:32:51.7,1203.97,r,18.1781,-,33.803,15.821,17.982,SN Ib,-,48.5997598,0.034
ZTF20acuzlib,814209100009833,SN2020abol,07:59:28.38,+63:22:30.4,1199.8,r,18.48,-19.35,28,10.89,17.11,SN Ia,0.08,31.62126881,0.135
ZTF20acuoclk,708202300002587,SN2020abqd,08:16:16.75,+37:24:13.8,1193.93,g,18.7349,-19.21,20.115,8.497,11.618,SN Ia,0.082,32.1921451,0.145
ZTF20acuobve,861209100011964,SN2020abso,13:04:05.05,+77:02:10.0,1193.97,g,18.3569,-19.16,>19.183,7.263,>11.92,SN Ia,0.07,40.06952498,0.082
ZTF20acufmte,352202100011273,SN2020abdr,03:42:47.48,-12:16:48.3,1198.73,r,17.8631,-17.99,39.115,15.586,23.529,SN II,0.03,-47.27829376,0.343
ZTF20actvpyc,524212100000447,SN2020aazq,11:48:14.15,+13:31:14.0,1189.04,g,18.5524,-19.30,24.553,9.581,14.972,SN Ia,0.08,69.92320355,0.115
ZTF20actpqgc,604203100027533,SN2020abdw,02:01:17.08,+24:04:14.6,1202.79,r,18.1329,-17.84,34.402,18.499,15.903,SN Ic,0.03277,-36.09800855,0.264
ZTF20actoakx,422201400006859,SN2020aawr,12:34:09.77,-06:18:51.7,1195.04,g,16.8831,-18.77,25.075,11.6,13.475,SN Ia,0.03,56.29704529,0.075
ZTF20actkmks,520209300031437,SN2020aaun,10:10:01.02,+11:54:58.1,1203.98,r,18.1254,-17.40,73.025,28.098,44.927,SN II,0.02815,49.26604294,0.119
ZTF20actdeqw,248213400014729,SN2020abfd,01:47:46.47,-21:45:39.1,1189.71,r,18.1556,-18.33,25.977,10.985,14.992,SN Ia,0.045,-76.1123424,0.035
ZTF20actawpa,666211400006056,SN2020aasd,09:23:15.01,+33:34:00.8,1182.04,g,16.8271,-18.39,25.373,4.212,21.161,SN II,0.025,45.08856174,0.046
ZTF20acsfdnn,670211300010188,SN2020aawb,11:23:02.40,+34:09:08.5,1188.02,g,18.7011,-19.35,22.859,11.146,11.713,SN Ia,0.09,69.78215891,0.06
ZTF20acrzwvx,305210100014166,SN2020aatb,05:24:46.41,-15:56:31.4,1193.8,r,16.4764,-16.87,31.281,15.992,15.289,SN II,0.00995,-26.17964569,0.225
ZTF20acqgklx,457214100014291,SN2020zos,05:06:32.08,+07:45:36.4,1215.74,r,18.6582,-20.65,83.492,38.239,45.253,SN IIn,0.14,-19.15484335,0.422
ZTF20acpknjk,398213400023007,SN2020zgh,01:15:53.41,+00:00:57.5,1173.74,r,17.4504,-19.08,25.608,8.217,17.391,SN Ia,0.045,-62.22681868,0.088
ZTF20acpkjsn,601201100006906,SN2020zbc,00:49:27.52,+23:24:45.3,1173.69,g,18.0496,-19.01,19.786,9.802,9.984,SN Ia,0.056,-39.45679156,0.103
ZTF20acpjqxp,446212400021236,SN2020zgl,23:28:01.14,-02:09:53.5,1181.61,r,14.9542,-17.41,20.336,10.073,10.263,SN Ib-pec,0.0065,-58.02851093,0.158
ZTF20acoxmsr,418205100005230,SN2020yza,10:41:35.16,-03:26:29.4,1166.02,g,18.3623,-19.29,25.655,9.674,15.981,SN Ia,0.071,46.23554971,0.164
ZTF20acogesf,305214300004181,SN2020ykj,05:20:20.94,-14:35:28.4,1165.84,r,18.2818,-19.05,26.4,11.034,15.366,SN Ia,0.06,-26.63133105,0.292
ZTF20acobvxk,299214300022601,SN2020ymv,02:30:41.64,-14:34:08.7,1165.69,g,17.8955,-19.88,34.428,11.886,22.542,SN Ia,0.08,-63.70773835,0.05
ZTF20acobevy,245211400001578,SN2020yub,00:02:15.11,-23:29:42.1,1158.69,g,18.2506,-19.53,19.971,5.974,13.997,SN Ia,0.08,-78.31197674,0.049
ZTF20acnyxln,416205100030002,SN2020yjf,09:42:35.61,-03:29:24.6,1166.02,g,16.5476,-20.48,24.209,10.033,14.176,SN Ia,0.055,35.14779612,0.115
ZTF20acnywhz,417210300013998,SN2020ykc,10:01:09.11,-02:19:11.3,1159.0,g,18.5005,-19.89,26.209,8.239,17.97,SN Ia,0.1,39.52555311,0.151
ZTF20acklcyp,647204300002676,SN2020xkx,23:20:28.17,+22:59:12.8,1384.86,r,17.4871,-18.96,291.706,197.745,93.961,SN IIn,0.0415,-35.27812885,0.202
ZTF20ackhzba,750205300006899,SN2020xsr,09:28:49.96,+46:39:12.0,1151.99,g,18.1576,-19.13,21.833,7.897,13.936,SN Ia,0.064,45.96633237,0.048
ZTF20ackdkva,651211200004185,SN2020xyh,01:30:48.41,+34:48:07.2,1152.76,g,18.9302,-19.63,26.108,10.22,15.888,SN Ia,0.11,-27.37344261,0.117
ZTF20acjhhqx,747203300005091,SN2020xba,07:11:18.89,+44:22:46.3,1151.99,g,17.7679,-18.68,23.213,9.491,13.722,SN Ia,0.04,21.96372086,0.212
ZTF20acjetyf,352205100036362,SN2020xne,03:51:37.01,-10:03:22.4,1152.89,r,17.4654,-18.40,21.749,7.415,14.334,SN Ia,0.033,-44.32957007,0.116
ZTF20aciowcm,343206100027411,SN2020vxp,23:13:55.54,-17:30:46.9,1145.73,g,18.4662,-19.62,26.985,9.566,17.419,SN Ia,0.09,-65.54399144,0.093
ZTF20achncvv,747211100025250,SN2020vfu,07:17:05.82,+49:29:16.6,1152.02,r,18.1675,-20.79,47.815,17.822,29.993,SLSN-II,0.1281,24.28435952,0.239
ZTF20achksbc,849205400035128,SN2020vaf,19:23:55.60,+67:34:12.3,1139.7,g,18.6294,-19.27,23.246,10.614,12.632,SN Ia,0.076,21.93246974,0.248
ZTF20achdwmq,706213200005182,SN2020vax,07:17:58.05,+43:34:18.2,1139.93,g,18.1333,-19.20,25.556,10.358,15.198,SN Ia,0.06,22.87786013,0.209
ZTF20achawym,345216100003016,SN2020vcc,00:11:14.26,-06:27:34.1,1144.82,g,16.1397,-19.33,22.089,10.111,11.978,SN Ia,0.02746,-67.23005242,0.084
ZTF20acgnbvv,296202300012213,SN2020uvg,01:06:22.94,-20:36:47.6,1138.75,g,17.6645,-19.08,23.798,11.11,12.688,SN Ia,0.05,-82.64489441,0.05
ZTF20acgdycd,871211400026764,SN2020upi,06:12:01.23,+84:11:32.7,1139.8,r,17.6667,-19.16,22.546,12.374,10.172,SN Ia,0.05,25.9912327,0.176
ZTF20acgbkji,781209400032182,SN2020unl,06:35:48.09,+55:42:39.9,1135.91,r,17.143,-19.20,16.832,8.912,7.92,SN Ia,0.04,20.03277598,0.179
ZTF20acfvsze,450212400049599,SN2020uye,01:37:19.30,+04:48:06.9,1134.83,r,18.3284,-18.82,18.889,8.882,10.007,SN Ia,0.06,-56.1993287,0.072
ZTF20acezpem,781207200022044,SN2020uhi,06:00:53.78,+54:41:26.2,1135.91,r,18.5851,-19.27,27.052,13.024,14.028,SN Ia,0.07,15.04513986,0.521
ZTF20accovje,596208200027926,SN2020uam,21:57:24.83,+18:02:35.2,1125.75,g,18.9357,-19.42,25.08,8.637,16.443,SN Ia,0.094,-28.19873695,0.235
ZTF20accmutv,414208100034854,SN2020uem,08:24:23.85,-03:29:19.0,1165.94,r,16.3954,-19.96,>119.916,>38.95,80.966,SN IIP,0.041,18.83086246,0.131
ZTF20accdijx,446212400013234,SN2020twk,23:29:13.48,-02:05:42.0,1134.8,r,17.6476,-17.65,41.063,21.068,19.995,SN II,0.025,-58.15169225,0.153
ZTF20acbttnt,399216400010452,SN2020tuf,01:20:13.72,-00:02:40.6,1122.84,g,18.4785,-19.83,23.766,9.756,14.01,SN Ia-91T,0.099,-62.04658892,0.095
ZTF20acberbd,871207200012974,SN2020tgf,06:02:35.05,+83:02:48.8,1111.89,g,18.3314,-19.29,27.818,10.953,16.865,SN Ia,0.07,25.45744379,0.161
ZTF20acbeanu,346201400000720,SN2020txg,01:02:28.85,-12:47:59.9,1120.85,g,17.9908,-19.17,18.621,6.963,11.658,SN Ia,0.06,-75.44034785,0.068
ZTF20acbcfaa,443209400005986,SN2020usa,22:26:13.58,-02:16:06.6,1167.62,r,18.6587,-21.86,>90.226,46.206,>44.02,SLSN-II,0.263,-47.28398838,0.174
ZTF20abzpxxu,695213100036332,SN2020tub,01:06:39.00,+43:16:29.2,1125.82,r,18.8796,-19.28,26.328,15.346,10.982,SN Ia,0.09,-19.51007437,0.217
ZTF20abzgegm,685203300039277,SN2020tja,19:15:17.38,+29:46:28.8,1110.75,r,18.2197,-18.80,20.032,5.224,14.808,SN II,0.046,8.40609038,0.623
ZTF20abyylgi,353212100023863,SN2020svn,03:58:10.70,-08:49:00.8,1117.0,g,17.1847,-18.52,52.093,11.697,40.396,SN II,0.02891,-42.31578668,0.183
ZTF20abywoaa,347205400016923,SN2020sur,01:28:59.57,-11:29:29.3,1099.9,g,18.5805,-18.73,26.955,6.616,20.339,SN II,0.063,-72.04643456,0.1
ZTF20abyiohf,645216300017203,SN2020sup,22:20:31.78,+28:29:54.2,1107.85,g,18.5756,-19.54,25.119,13.024,12.095,SN Ia,0.085,-23.64450004,0.216
ZTF20abxmwwd,696215100039456,SN2020sje,01:17:21.95,+44:11:41.5,1094.99,g,18.8381,-16.95,37.914,3.108,34.806,SN IIP,0.03,-18.43026074,0.186
ZTF20abxidyb,601216300001454,SN2020sia,00:20:40.59,+28:49:21.5,1104.91,r,18.9669,-19.31,27.387,13.446,13.941,SN Ia,0.099,-33.56536924,0.1
ZTF20abwkqxd,851212400016738,SN2020scd,20:45:11.96,+69:24:31.8,1098.89,r,17.5539,-19.74,24.598,7.375,17.223,SN Ia,0.05,16.12825414,0.736
ZTF20abwcnhm,494216400036869,SN2020sag,21:52:38.34,+07:13:50.7,1099.87,g,17.3471,-19.04,28.323,7.118,21.205,SN Ia,0.04,-34.76287353,0.162
ZTF20abwaoey,799211200029558,SN2020ryy,19:12:16.94,+56:29:02.6,1095.83,g,18.9503,-19.65,22.684,8.324,14.36,SN Ia,0.11,19.60518769,0.15
ZTF20abvquuo,453214400016827,SN2020sai,03:13:22.84,+06:38:06.0,1095.94,r,18.1833,-17.92,25.128,10.068,15.06,SN Ib,0.03,-41.84681709,0.651
ZTF20abvowvw,398207200025326,SN2020rul,00:58:32.29,-02:50:02.0,1094.97,g,17.3679,-19.47,25.267,6.376,18.891,SN Ia,0.05,-65.64626169,0.13
ZTF20abusrwm,402202200012064,AT2020rta,02:57:34.73,-05:04:38.7,1095.96,r,18.691,-17.10,27.162,9.737,17.425,SN Ic,0.031,-52.74341398,0.181
ZTF20abushtf,655216100031236,SN2020rwf,03:28:16.39,+36:47:58.2,1091.99,r,18.8768,-19.56,28.905,15.223,13.682,SN Ia,0.08,-16.20340359,0.859
ZTF20abtnpwt,494214100006925,SN2020row,22:06:32.35,+07:37:29.1,1095.87,r,18.6885,-19.46,28,13.1,14.9,SN Ia,0.09,-37.08262019,0.198
ZTF20abtcijp,848204100012215,SN2021iat,17:15:57.70,+66:41:27.2,1317.97,g,18.1945,-19.35,23.523,9.168,14.355,SN Ia,0.07,34.14381089,0.104
ZTF20absvtnc,450204100000558,SN2020rpn,01:34:19.48,+02:27:55.3,1092.87,g,16.6839,-19.30,24.445,8.941,15.504,SN Ia,0.035,-58.65232857,0.065
ZTF20abrnvwf,451204400001108,SN2020rer,02:02:40.31,+01:34:14.5,1082.96,g,18.3834,-19.43,25.831,12.643,13.188,SN Ia,0.08,-56.56648171,0.076
ZTF20abrnklh,346202400005339,SN2020rfm,00:56:15.84,-13:18:02.5,1081.96,g,17.7725,-19.39,27.421,9.545,17.876,SN Ia,0.06,-76.12646804,0.065
ZTF20abrmmah,392213100002872,SN2020rfr,22:39:49.30,-06:26:16.0,1088.86,r,18.6355,-18.95,23.115,12.623,10.492,SN Ic-BL,0.0725,-52.52615072,0.105
ZTF20abrdvpj,849206100000514,SN2020rhz,19:09:58.61,+69:09:17.8,1090.82,g,18.906,-19.55,26.362,17.337,9.025,SN Ia,0.1,23.6126128,0.202
ZTF20abqfgee,556203100029839,SN2020qts,02:56:08.60,+16:10:40.7,1081.0,r,17.1514,-18.58,20.836,11.406,9.43,SN Ia,0.028,-37.17510302,0.385
ZTF20abpyxja,736212100020715,SN2020riy,23:54:59.96,+49:28:54.9,1078.85,r,18.3431,-18.66,22.571,11.684,10.887,SN Ia,0.05,-12.364451,0.389
ZTF20abpvolc,553207300004211,SN2020qrm,01:27:39.67,+17:39:27.0,1075.92,g,18.2507,-19.48,24.119,9.39,14.729,SN Ia,0.07,-44.36080813,0.256
ZTF20abpuyau,700203200037611,SN2020qtr,03:32:21.53,+38:07:10.7,1081.95,r,18.2908,-19.17,26.972,16.619,10.353,SN Ia,0.05,-14.65918219,0.934
ZTF20abobpcb,827210300021220,SN2020qlb,19:07:49.56,+62:57:49.5,1141.72,g,17.2262,-22.21,>104.725,57.805,>46.92,SLSN-I,0.159,22.16364612,0.163
ZTF20abmzfql,645204100017752,SN2020pzv,22:22:48.23,+23:37:53.3,1065.76,g,18.3224,-19.37,22.689,10.85,11.839,SN Ia,0.074,-27.84154702,0.122
ZTF20ablagfg,336208300063343,SN2020ooz,19:39:23.03,-18:01:46.3,1054.86,r,18.7587,-19.19,26.201,10.231,15.97,SN Ia,0.08,-18.47475557,0.28
ZTF20abkzhpk,763201400013235,SN2020pnp,17:49:56.33,+44:39:28.1,1062.74,r,18.4483,-19.18,28.302,16.129,12.173,SN Ia,0.074,29.23188997,0.094
ZTF20abjpvce,823216200016585,SN2020obn,15:01:21.14,+65:30:15.4,1055.75,r,18.3557,-17.36,27.059,15.833,11.226,SN Ib,0.03128,46.57208609,0.073
ZTF20abjonjs,869214200032094,SN2020nyb,01:59:08.14,+86:40:34.3,1045.85,r,17.8289,-16.76,35.11,11.132,23.978,SN II,0.01552,23.94460813,0.552
ZTF20abjcuep,582214300023496,SN2020nxk,15:25:19.04,+21:21:14.8,1043.71,g,18.6143,-19.30,>33.304,11.364,>21.94,SN Ia,0.08,54.58780069,0.163
ZTF20abjbiqf,725209200000994,SN2020nxh,18:13:18.54,+42:15:05.7,1047.83,r,17.7572,-19.04,24.768,11.633,13.135,SN Ia,0.05,24.56303632,0.135
ZTF20abisvtr,865203100008212,SN2020ntk,18:17:24.76,+73:45:03.4,1038.78,g,18.8166,-19.06,23.225,9.218,14.007,SN Ia,0.078,28.33378781,0.178
ZTF20abhzgly,691209400007392,SN2020nmo,22:42:38.66,+33:42:50.0,1034.96,g,18.3519,-19.62,24.331,6.365,17.966,SN Ia,0.08,-21.92301825,0.209
ZTF20abhmqdn,764204100037352,SN2020npb,17:59:58.22,+44:51:45.6,1044.74,r,17.1309,-19.05,32.507,12.771,19.736,SN Ia,0.038,27.52484307,0.115
ZTF20abhmnom,682206300010622,SN2020npk,17:49:10.38,+31:45:34.9,1035.72,g,17.9385,-19.67,29.079,8.645,20.434,SN Ia,0.07,26.30055882,0.153
ZTF20abgwgqj,630211100009835,SN2020nlj,15:02:20.08,+27:48:50.2,1031.67,g,18.6269,-19.67,24.092,7.13,16.962,SN Ia,0.1,61.04406704,0.069
ZTF20abgoocl,632209400031342,SN2020nim,16:16:52.35,+26:44:09.1,1044.7,g,18.332,-18.93,68.848,17.875,50.973,SN II,0.06,44.54509249,0.145
ZTF20abgfekk,675203300007027,SN2020naj,13:59:39.06,+29:42:36.4,1034.7,g,17.4674,-19.26,>27.953,10.953,>17,SN Ia,0.05,74.79607754,0.038
ZTF20abgbxzn,647210200002336,SN2020myg,23:34:26.01,+27:45:24.9,1025.84,g,18.352,-19.10,18.601,6.891,11.71,SN Ia,0.065,-32.0849315,0.16
ZTF20abfqeef,844204200028689,SN2020mwl,12:37:14.54,+67:00:35.2,1029.75,g,17.8994,-19.29,24.395,8.411,15.984,SN Ia,0.06114,50.05905037,0.055
ZTF20abfadah,764215200009465,SN2020mso,18:06:14.33,+50:43:34.5,1032.85,r,18.9595,-19.41,55.715,16.529,39.186,SN Ibn,0.1,27.60574129,0.184
ZTF20abeldyn,433214300056080,SN2020mff,17:36:04.46,-00:29:49.8,1023.8,r,18.2188,-18.79,28.375,15.076,13.299,SN Ia,0.046,16.46608396,0.612
ZTF20abefbnz,628203200003938,SN2020lwl,13:58:14.88,+23:36:41.2,1012.7,g,18.4111,-19.01,31.475,6.702,24.773,SN Ia,0.068,74.51740375,0.051
ZTF20abeeyrs,789211300036697,SN2020maz,11:54:11.66,+55:20:44.5,1019.77,g,18.3233,-19.44,24.572,8.809,15.763,SN Ia,0.08,59.93493079,0.037
ZTF20abeeahl,678209300023851,SN2020mdd,15:51:53.80,+34:04:24.2,1016.7,g,17.6198,-19.13,23.145,7.764,15.381,SN Ia,0.0488,50.8684864,0.098
ZTF20abedydu,823215100005161,SN2020mer,15:25:29.09,+65:20:07.0,1017.8,g,18.4115,-19.42,25.919,7.408,18.511,SN Ia,0.08,44.82927463,0.092
ZTF20abdxyae,799206100039743,SN2020lrt,19:33:32.27,+54:32:59.7,1014.97,r,18.6302,-18.15,17.991,10.117,7.874,SN Iax,0.046,16.09120189,0.334
ZTF20abdsunu,864211100035355,SN2020lql,16:37:11.18,+78:07:58.4,1013.75,g,17.6918,-19.32,22.991,6.962,16.029,SN Ia,0.05450,33.19042427,0.112
ZTF20abdajyr,826204100039633,SN2020lrd,17:54:25.09,+59:46:51.4,1016.76,r,18.8583,-18.35,25.263,14.817,10.446,SN Ia,0.06,30.28623058,0.152
ZTF20abcqpdj,715215400025513,SN2020lqo,12:10:52.81,+42:56:03.4,1012.74,r,18.1065,-18.75,25.465,10.969,14.496,SN Ia,0.0533,72.17832741,0.042
ZTF20abchhuw,648208200031651,SN2020lfe,23:48:18.22,+33:08:56.2,1014.97,r,17.1635,-18.53,27.351,15.027,12.324,SN Ia,0.03,-27.88559068,0.158
ZTF20abccojn,825207100007140,SN2020lgk,17:15:56.85,+61:25:11.4,1005.7,g,18.9439,-19.57,19.242,4.873,14.369,SN Ia,0.11,34.94084404,0.072
ZTF20abccixp,584210100030076,SN2020lfn,16:26:56.88,+20:14:45.2,1004.72,g,17.8621,-18.78,28.331,6.542,21.789,SN II,0.044,40.54444662,0.196
ZTF20abbrptu,818214300012607,SN2020ldi,11:11:13.75,+64:53:09.8,1009.74,g,17.1268,-18.48,29.696,9.706,19.99,SN Ia,0.03,49.03164317,0.037
ZTF20abbozif,825205400011556,SN2020lgh,17:48:37.34,+60:42:23.8,1005.7,g,18.5556,-19.54,23.444,7.178,16.266,SN Ia,0.09,31.03359812,0.1
ZTF20abblqtl,716201200003116,SN2020lgo,12:59:26.68,+38:04:47.2,1009.76,g,18.685,-19.70,25.808,11.635,14.173,SN Ia,0.106,78.92040697,0.04
ZTF20abatfzl,756209400001191,SN2020kui,13:21:27.30,+48:26:27.9,1000.74,g,18.7538,-19.48,24.052,7.179,16.873,SN Ia,0.1,67.90387906,0.018
ZTF20abapvvq,278214200011548,SN2020kkv,16:13:42.48,-20:57:09.9,999.82,r,17.9349,-19.36,24.709,7.513,17.196,SN Ia,0.05,21.39859638,0.739
ZTF20aazsyvu,846216300000954,SN2020kfb,14:43:46.71,+71:51:00.9,998.84,g,18.4952,-19.07,21.923,7.666,14.257,SN Ia,0.072,42.6786931,0.065
ZTF20aazquhc,712205300033096,SN2020kbh,10:44:34.98,+39:05:40.6,998.74,r,17.4539,-18.45,24.18,8.542,15.638,SN Ia,0.03456,61.06088581,0.038
ZTF20aazpyhy,533204200028039,SN2020kba,15:58:42.58,+08:59:44.6,998.76,r,18.0206,-18.28,21.855,10.933,10.922,SN Ic,0.04,42.28688667,0.13
ZTF20aazpoif,760207300027785,SN2020kbw,15:25:58.51,+46:18:44.5,994.77,g,18.9214,-18.86,21.796,7.351,14.445,SN Ia,0.08,54.08921897,0.049
ZTF20aazpaki,765210200013110,SN2020kei,18:53:28.93,+48:48:34.9,994.92,g,18.6376,-19.29,24.155,9.882,14.273,SN Ia,0.08,19.74985473,0.176
ZTF20aazooyu,681203100014396,SN2020kbq,17:14:23.52,+30:59:12.2,1000.92,g,18.5324,-20.22,26.426,15.568,10.858,SN Ia,0.12,33.24822063,0.11
ZTF20aaynrrh,473206200035193,SN2020jfo,12:21:50.47,+04:28:54.1,981.7,g,14.4392,-17.30,34.203,5.248,28.955,SN II,0.00502,66.27811339,0.061
ZTF20aayknbc,420212300013065,SN2020ikp,11:12:14.87,-02:00:07.1,974.69,g,18.1138,-18.55,19.556,3.695,15.861,SN II,0.0467,52.32634992,0.105
ZTF20aaxablt,622208400033995,SN2020ipb,10:52:35.30,+25:07:05.2,985.69,g,17.7094,-19.71,34.372,12.764,21.608,SN Ia,0.064,63.30861443,0.16
ZTF20aawgrcu,866209300026649,SN2020ifv,20:42:36.21,+76:46:54.3,968.92,r,18.6426,-18.27,24.147,3.928,20.219,SN II,0.042,20.42739457,0.731
ZTF20aavvaup,751215100011366,SN2020iez,09:48:28.38,+50:55:20.9,980.74,r,17.7841,-18.00,30.519,15.029,15.49,SN II,0.03266,48.20346262,0.038
ZTF20aavtdxj,766207200031999,SN2020iab,19:21:34.16,+46:57:44.2,971.95,g,18.5124,-19.70,23.881,9.127,14.754,SN Ia,0.09,14.69398991,0.194
ZTF20aavnnzx,762203100034545,SN2020ihc,16:52:12.03,+45:12:36.5,974.84,r,18.6006,-18.53,20.346,9.278,11.068,SN Ia,0.06,39.44258626,0.052
ZTF20aavnnkm,683205400017843,SN2020hvb,18:35:08.23,+31:41:20.2,973.87,r,17.9807,-19.15,24.827,11.032,13.795,SN Ia,0.055,17.05864013,0.286
ZTF20aavnnat,722213400040335,SN2020hyh,16:31:54.95,+42:42:37.2,973.95,g,16.9146,-18.84,18.253,6.709,11.544,SN Ia,0.03220,43.09952754,0.033
ZTF20aavdgib,827208100007069,SN2020hwt,18:50:19.08,+61:31:49.5,968.92,r,18.9744,-19.37,28.776,11.782,16.994,SN Ia,0.1,23.76070248,0.161
ZTF20aavcvrm,679201300021432,SN2020hyj,16:23:47.22,+29:58:58.5,968.88,r,18.8735,-18.08,22.797,9.877,12.92,SN Ic-BL,0.055,43.69880555,0.077
ZTF20aauvmix,677208100008639,SN2020hhh,14:58:15.81,+33:06:51.2,963.8,g,18.8722,-19.39,30.676,13.58,17.096,SN Ia,0.1,62.04224211,0.045
ZTF20aaurucm,665212300011049,SN2020gct,08:38:34.12,+33:49:52.0,962.68,r,18.1905,-19.88,25.332,13.957,11.375,SN Ia,0.09,35.94453023,0.113
ZTF20aaurjbj,719208400029378,SN2020hgw,14:18:19.12,+38:55:46.2,964.85,g,17.559,-18.83,32.442,12.139,20.303,SN II,0.043,68.38954108,0.034
ZTF20aaurexl,725216400027089,SN2020hes,17:47:05.71,+42:46:39.7,964.93,r,18.2999,-19.21,23.19,14.197,8.993,SN Ic-BL,0.07,29.38555403,0.106
ZTF20aauooag,684209300056817,SN2020fxm,18:59:49.91,+33:38:52.3,953.93,g,17.5923,-20.21,20.657,6.635,14.022,SN Ia,0.075,13.03390382,0.187
ZTF20aatulug,824207100012201,SN2020fhk,16:20:05.75,+61:47:24.9,945.0,g,18.3341,-19.90,35.18,17.322,17.858,SN Ia,0.097,41.29079911,0.07
ZTF20aattztb,581206400025458,SN2020fhw,15:00:29.89,+17:14:10.5,998.78,r,18.6918,-19.84,97.801,54.336,43.465,SN IIn,0.1116,58.636326,0.093
ZTF20aattqle,584207100029112,SN2020eoe,16:18:02.66,+18:02:31.8,953.94,r,17.914,-18.65,44.365,22.209,22.156,SN II,0.04543,41.779079,0.11
ZTF20aatqesi,846216200036320,SN2020faa,14:47:09.48,+72:44:11.5,1051.85,r,17.4265,-18.88,>70.854,27.024,>43.83,SN II,0.04106,41.80543338,0.067
ZTF20aatqene,845211100026121,SN2020hgr,14:16:26.47,+70:24:48.7,986.73,g,18.712,-20.06,89.644,43.612,46.032,SLSN-II,0.1258,45.04510634,0.041
ZTF20aapycrh,713215300002571,SN2020dbg,10:56:58.85,+43:04:36.6,906.8,g,18.4953,-15.58,58.545,5.971,52.574,SN II,0.015,61.8980411,0.024
ZTF20aaosoct,417203200010642,SN2020dcp,09:53:45.42,-04:59:31.7,912.75,g,18.0469,-19.13,23.519,9.211,14.308,SN Ia-91T,0.059,36.41013581,0.107
ZTF20aansktb,626215400014730,SN2020cpv,13:02:29.46,+28:12:15.8,906.85,g,18.7094,-19.53,34.816,8.72,26.096,SN Ia,0.1,87.32667661,0.023
ZTF20aamgdkb,843208400023508,SN2020cdi,11:38:39.35,+67:35:22.7,898.78,g,18.3534,-19.25,>27.947,10.857,>17.09,SN Ia,0.075,48.06294257,0.025
ZTF20aamfpcj,570214400005009,SN2020bza,09:46:26.00,+21:13:44.9,896.75,g,18.5476,-19.47,28.976,9.978,18.998,SN Ia-91T,0.0885,47.62710238,0.06
ZTF20aalxlis,719206200035484,SN2020bvc,14:33:57.01,+40:14:37.6,899.01,r,16.4356,-18.78,23.38,12.658,10.722,SN Ic-BL,0.02523,65.10539069,0.034
ZTF20aalrqbu,678211200023160,SN2020bqj,15:33:40.48,+34:28:44.2,891.05,g,17.983,-19.45,66.671,10.129,56.542,SN Ibn,0.068,54.63808647,0.062
ZTF20aahzyep,623202100027634,SN2020bli,11:39:29.72,+23:56:01.2,887.01,r,18.9989,-19.26,25.431,12.085,13.346,SN Ia,0.1,73.47490922,0.059
ZTF20aahpwym,761214100017271,SN2020asq,16:21:46.28,+50:43:40.0,882.02,g,17.6231,-19.33,26.737,9.713,17.024,SN Ia,0.055,44.05163322,0.054
ZTF20aahjymt,414207400036514,SN2020bbi,08:32:38.53,-04:17:09.6,884.71,r,18.4309,-19.08,25.089,12.477,12.612,SN Ia,0.07,20.19498516,0.102
ZTF20aahggbm,574203200003143,SN2020axo,11:28:00.02,+16:36:26.6,880.94,g,18.6994,-19.62,20.592,6.981,13.611,SN Ia,0.1,68.01613855,0.089
ZTF20aahdwze,786202300014371,SN2020amx,09:54:16.96,+51:40:52.5,883.93,g,17.2234,-19.44,24.231,8.308,15.923,SN Ia,0.049,48.83054599,0.024
ZTF20aaghnxd,625213100007634,SN2020alf,12:47:10.36,+29:34:33.4,878.99,g,17.9138,-19.56,23.442,8.301,15.141,SN Ia,0.07,87.37872462,0.038
ZTF20aafrihv,751215300028619,SN2020ady,09:43:56.71,+49:52:14.1,879.73,g,17.6484,-19.63,25.926,10.837,15.089,SN Ia,0.064,47.79719752,0.046
ZTF20aaflaug,789206200033533,SN2020aei,12:05:46.32,+54:23:21.9,874.01,r,18.5895,-18.16,15.551,9.463,6.088,SN Ia,0.05065,61.48298696,0.042
ZTF20aafcjln,422216100006960,SN2020vf,12:11:37.00,+00:19:20.2,873.9,g,15.5333,-19.26,23.913,4.68,19.233,SN Ia,0.0203,61.53852658,0.072
ZTF20aaevbvv,662208200027645,SN2020tn,07:03:22.72,+33:00:49.8,867.71,g,17.8775,-19.50,26.511,7.463,19.048,SN Ia,0.06,16.69672648,0.247
ZTF20aaerxsd,758204200010179,SN2020py,14:00:54.26,+45:28:21.5,872.95,g,17.8358,-19.01,22.641,11.002,11.639,SN Ia,0.0533,67.0333668,0.022
ZTF20aaerqjd,794205300031075,SN2020us,15:55:58.94,+53:45:00.7,872.93,g,18.5039,-19.52,28.747,12.718,16.029,SN Ia,0.09,47.08767869,0.041
ZTF20aadyyvk,821209100020718,SN2020yy,14:18:53.91,+63:09:45.0,890.96,r,18.8477,-18.53,55.128,29.543,25.585,SN IIn,0.0675,51.23889359,0.046
ZTF20aadxvfj,525211400016058,SN2020pf,12:26:04.68,+12:27:35.6,872.0,r,18.8994,-19.27,33.303,18.637,14.666,SN Ia,0.095,74.17363398,0.085
ZTF20aadxrvb,421207400022619,SN2020rc,11:50:34.07,-04:20:22.7,862.02,r,18.3551,-19.44,54.797,5.369,49.428,SN IIn,0.081,55.26692848,0.064
ZTF20aadvunl,747207300022170,SN2020to,07:12:49.37,+46:16:52.1,867.77,r,18.8172,-18.49,36.093,11.322,24.771,SN Ia,0.06,22.75977294,0.266
ZTF20aacbyec,574210100027710,SN2019zrk,11:39:47.40,+19:55:46.7,898.88,g,17.0286,-19.03,18.04,5.036,13.004,SN IIn,0.0362,72.09416429,0.069
ZTF20aacbtgq,787207200020349,SN2020nr,10:22:52.98,+54:03:37.4,867.91,g,17.9777,-19.24,24.956,9.735,15.221,SN Ia,0.0629,51.77587285,0.024
ZTF20aabqjht,676210100000576,SN2020bm,14:44:32.60,+35:06:19.4,863.95,g,17.8758,-19.87,26.148,8.555,17.593,SN Ia,0.08,64.61440343,0.026
ZTF20aabqisb,848212200030576,SN2020kq,17:06:03.65,+70:46:31.0,867.03,r,18.534,-18.28,>26.015,>16.02,9.995,SN Ia,0.0513,34.09750328,0.095
ZTF20aabqiav,630203400007925,SN2020ba,15:01:34.89,+23:14:39.7,862.0,g,17.9554,-18.87,32.964,16.466,16.498,SN II,0.05,60.38456436,0.121
ZTF20aaawmxq,789213200021177,SN2020nv,12:17:04.27,+58:35:53.5,861.95,g,18.3657,-19.66,22.879,8.903,13.976,SN Ia,0.09,57.96361233,0.043
ZTF19adcecwu,819213400034098,SN2019yvq,12:27:21.83,+64:47:59.8,864.83,r,14.6433,-18.34,19.102,9.046,10.056,SN Ia,0.009,52.13304548,0.054
ZTF19adbricc,615211100014403,SN2019zro,07:31:01.37,+27:43:59.3,855.68,g,18.3177,-19.79,34.491,10.807,23.684,SN Ia,0.09,20.33948091,0.11
ZTF19adajqwl,630216200002127,SN2019xbr,14:47:28.71,+29:32:12.3,851.06,g,17.6981,-19.79,27.299,6.934,20.365,SN Ia,0.07,64.41758713,0.053
ZTF19adajqcq,794202100026451,SN2019xbu,15:51:50.54,+52:09:06.3,851.06,g,17.4775,-19.25,21.016,8.522,12.494,SN Ia,0.05,48.20326087,0.035
ZTF19aczlldp,452208100009398,SN2019wzx,02:31:07.75,+04:18:40.6,846.63,r,17.5251,-17.95,34.624,10.016,24.608,SN II,0.0275,-50.40292167,0.119
ZTF19acyjysk,842211200017667,SN2019wmf,10:29:53.88,+70:47:09.6,888.93,r,17.501,-19.69,111.154,51.887,59.267,SN IIn,0.06,42.01875918,0.134
ZTF19acygjmg,782207100035408,SN2019wmu,06:55:03.34,+54:46:10.6,849.98,g,17.7372,-19.52,27.289,16.808,10.481,SN Ia,0.06,22.36904658,0.147
ZTF19acxyumq,754208100007659,SN2019wvc,11:30:42.17,+47:30:24.0,850.01,g,16.8789,-19.37,24.966,14.962,10.004,SN Ia,0.04,64.22327897,0.042
ZTF19acxnemy,665210100033508,SN2019wce,08:59:27.77,+35:00:18.2,827.95,r,18.2365,-19.26,18.761,5.298,13.463,SN Ia,0.07,40.38712748,0.087
ZTF19acxndsk,785210300019938,SN2019wiq,09:08:47.62,+55:30:12.3,846.99,g,17.3341,-19.32,28.353,15.471,12.882,SN Ia,0.04788,41.31006111,0.055
ZTF19acxgwvo,445209200021817,SN2019wbd,23:20:35.17,-00:52:51.0,831.57,r,17.3277,-16.74,46.524,14.493,32.031,SN II,0.01459,-55.8818325,0.096
ZTF19acvrigb,709205100030354,SN2019vkz,09:04:07.86,+39:40:42.1,823.94,g,16.3664,-19.13,33.009,9.997,23.012,SN Ia,0.02805,41.75396792,0.063
ZTF19acshkft,554203100009414,SN2019uze,01:59:07.93,+16:06:04.3,813.67,g,18.4187,-19.57,23.14,11.255,11.885,SN Ia,0.083,-43.75579746,0.154
ZTF19acsfvog,397206200000950,SN2019uxp,00:35:20.03,-02:51:04.7,814.67,r,17.7646,-19.40,25.939,12.25,13.689,SN Ia,0.06,-65.41911146,0.098
ZTF19acrwvao,841208400004204,SN2019uqp,09:14:39.94,+67:44:20.7,805.04,r,18.4705,-17.93,30.953,5.017,25.936,SN II,0.04,38.26149947,0.243
ZTF19acrdqej,698201400010289,SN2019ulw,02:44:50.25,+36:54:21.3,811.72,g,17.5214,-19.09,26.616,9.947,16.669,SN Ia,0.044,-20.63922355,0.177
ZTF19acpmuwu,690214100025752,SN2019uir,22:02:40.08,+36:27:42.6,799.72,r,18.4604,-19.17,31.375,4.705,26.67,SN Ia,0.066,-15.03000248,0.406
ZTF19acordoi,865207300014843,SN2019ugr,18:03:11.54,+74:43:39.4,803.59,g,18.5093,-19.62,>18.938,9.908,>9.03,SN Ia-91T,0.089,29.26633731,0.149
ZTF19acojuzv,783212400036985,SN2019uee,07:24:59.45,+55:23:40.5,806.02,g,17.18,-19.27,23.099,9.214,13.885,SN Ia,0.04,26.68262736,0.213
ZTF19aclobbu,739205200015762,SN2019twk,02:23:05.28,+46:52:56.7,801.76,r,17.3337,-16.66,62.488,12.959,49.529,SN II,0.0121,-13.1476198,0.492
ZTF19ackjnuq,572205400020336,SN2019tjn,10:49:21.95,+17:13:25.8,793.04,g,18.2265,-18.95,>24.744,12.734,>12.01,SN Ia,0.06,60.15038411,0.078
ZTF19ackjlrd,755210100011054,SN2019uaa,12:29:20.23,+49:16:25.8,799.99,r,18.8752,-19.37,>42.707,>13.98,28.727,SN Ia,0.1,67.44799818,0.036
ZTF19acihlft,390205100024107,SN2019tkb,21:43:53.44,-10:11:02.2,797.65,g,15.3726,-19.44,22.293,7.279,15.014,SN Ia,0.02,-42.7883834,0.113
ZTF19acihgng,827206100028189,AT2019tka,19:19:34.47,+61:50:49.0,794.64,g,17.7413,-19.16,23.26,7.984,15.276,SN Ia,0.05,20.52501782,0.181
ZTF19acignlo,649208300017781,SN2019tjt,00:17:03.67,+31:34:21.0,788.66,g,17.9454,-18.87,28.021,5.008,23.013,SN II,0.0476,-30.72991005,0.201
ZTF19achjqbk,298213100009335,SN2019tbc,02:12:36.58,-13:42:11.2,785.83,g,18.7836,-17.98,37.868,13.162,24.706,SN IIP,0.05,-66.7812911,0.064
ZTF19achajnc,814204200005011,SN2019ttw,07:06:44.09,+59:28:30.6,794.01,r,18.6844,-19.40,25.802,13.851,11.951,SN Ia,0.09,25.02025868,0.131
ZTF19acgrbeb,450215100018691,SN2019tdl,01:44:41.50,+07:56:50.2,791.79,g,17.7062,-19.64,29.068,9.179,19.889,SN Ia,0.064,-52.62737423,0.098
ZTF19acgpqxt,451208200031775,SN2019tht,02:01:15.56,+03:54:22.8,791.79,g,18.123,-19.99,26.427,12.108,14.319,SN Ia,0.09,-54.68323806,0.11
ZTF19acgemzm,727210400047163,SN2019sye,19:15:59.00,+41:16:00.3,788.6,r,18.137,-19.74,27.292,13.25,14.042,SN Ia,0.08,13.25266564,0.194
ZTF19acgbzam,504214300010311,SN2019tbb,02:30:10.59,+14:20:09.3,791.84,r,18.0131,-19.74,25.796,12.151,13.645,SN Ia,0.07,-42.11139236,0.391
ZTF19acfsqjx,865207300024032,SN2019syl,18:03:31.86,+74:49:58.5,790.61,r,18.8277,-18.19,>34.925,13.915,>21.01,SN Ia,0.055,29.23698676,0.151
ZTF19aceuacu,826202200028914,SN2019sqk,18:18:32.82,+59:57:30.5,781.67,g,18.8627,-19.43,24.958,10.332,14.626,SN Ia,0.098,27.28739521,0.103
ZTF19acduqvr,684202200033828,SN2019sqb,18:53:54.42,+31:03:50.6,779.6,r,18.9392,-19.25,>23.208,13.188,>10.02,SN Ia,0.083,13.12491149,0.462
ZTF19acdsqir,656205100019018,SN2019sxd,04:26:14.32,+32:54:14.8,775.86,r,18.8715,-19.24,22.484,8.158,14.326,SN Ia,0.066,-11.22437352,0.976
ZTF19acckggd,615210400014852,SN2019scv,07:40:07.34,+26:32:45.9,768.94,g,18.8166,-19.05,27.169,6.331,20.838,SN Ia,0.08,21.81705242,0.12
ZTF19acchaza,740208300031805,SN2019shx,02:32:02.85,+46:05:50.4,769.96,r,18.3592,-17.86,22.431,10.512,11.919,SN II,0.035,-13.30201201,0.378
ZTF19acbrzzr,395214400021970,SN2019rom,23:57:04.95,-07:21:37.0,797.61,r,18.4789,-17.18,104.77,40.904,63.866,SN II,0.03,-66.39977009,0.112
ZTF19acbonaa,564206300013071,SN2019stc,06:54:23.11,+17:29:31.2,799.97,r,18.639,-20.13,69.622,37.904,31.718,SLSN-I,0.1178,8.50947442,0.229
ZTF19acbhvgi,515201100018370,SN2019roa,07:49:16.06,+09:11:32.8,759.01,g,18.2917,-17.41,46.644,8.612,38.032,SN IIP,0.031,16.98888824,0.055
ZTF19abztknu,606202100015827,SN2019qvt,03:09:01.53,+24:02:38.1,781.82,r,18.187,-19.05,46.974,30.008,16.966,SN Ib,0.0535,-29.00350059,0.481
ZTF19abzhvxk,637203100027511,SN2019qgf,18:30:47.60,+23:25:08.3,754.76,g,18.3851,-19.76,23.726,8.85,14.876,SN Ia,0.083,14.75575745,0.291
ZTF19abymvpq,785205200018859,SN2019qeo,09:22:55.51,+54:01:41.5,751.99,g,17.5208,-19.64,34.485,9.463,25.022,SN Ia,0.06,43.62674833,0.066
ZTF19abyjjxp,462211300051212,SN2019qcj,07:14:47.17,+04:54:24.6,747.98,r,16.8817,-19.65,19.081,8.657,10.424,SN Ia,0.04,7.42240102,0.401
ZTF19abyflzw,800211200034529,SN2019qmm,19:58:04.69,+56:03:55.1,750.69,g,18.8971,-20.38,34.566,12.124,22.442,SN Ia,0.13,13.64354321,0.397
ZTF19abxjrge,505214100033533,SN2019ply,02:59:46.98,+15:17:48.7,749.8,r,17.9117,-17.28,23.288,9.202,14.086,SN IIb,0.02170,-37.37496811,0.397
ZTF19abxfunp,767215200038811,SN2019ptv,20:01:09.50,+50:51:36.3,745.84,r,17.2757,-19.13,24.74,9.194,15.546,SN Ia,0.038,10.6839307,0.389
ZTF19abxekxi,388201200030634,SN2019qfb,20:45:12.02,-12:00:39.8,781.6,r,18.4672,-20.63,>77.445,46.445,>31,SLSN-II,0.1423,-30.62819737,0.118
ZTF19abxdnzt,761208200008180,SN2019pru,15:58:19.58,+46:55:40.8,747.64,g,16.6509,-19.79,32.566,9.964,22.602,SN Ia,0.044,48.56943464,0.031
ZTF19abwouqp,599206400014064,SN2019poc,23:40:57.92,+17:29:44.7,741.7,g,18.424,-19.48,20.376,7.381,12.995,SN Ia,0.075,-42.21520168,0.276
ZTF19abvjdfc,496214400021020,SN2019pkc,23:03:11.32,+06:43:59.1,744.86,r,18.8945,-19.37,31.139,15.204,15.935,SN Ia,0.096,-47.19045751,0.171
ZTF19abuzinv,652209300023795,SN2019pkh,02:19:27.42,+34:04:55.1,798.74,r,18.381,-16.47,118.207,69.181,49.026,SN II,0.02,-25.33422026,0.214
ZTF19abulzhy,847207300015977,SN2019pgu,16:18:42.83,+67:54:00.3,738.68,g,18.5752,-19.88,35.829,9.839,25.99,SN IIn,0.1055,39.01041746,0.103
ZTF19abujhgm,775201400046417,SN2019pfl,02:14:20.72,+51:41:47.7,741.9,r,17.8005,-19.69,21.71,10.861,10.849,SN Ia,0.06,-9.09683189,0.484
ZTF19abuazly,546206400022373,SN2019pjz,22:19:18.80,+10:39:56.0,736.81,g,18.6696,-19.28,22.944,7.847,15.097,SN Ia,0.08,-37.19422371,0.192
ZTF19abtnftd,766211400022033,SN2019ozu,19:27:00.09,+47:56:05.4,733.78,g,18.8326,-19.22,21.187,8.705,12.482,SN Ia,0.08,14.26233611,0.276
ZTF19abtnbtt,637202200005619,SN2019owq,18:36:26.13,+24:00:44.5,730.65,r,18.6714,-18.84,21.494,6.926,14.568,SN Ia,0.065,13.81195498,0.305
ZTF19abqyoxt,814208100022761,SN2019oyt,07:14:29.22,+61:17:22.5,741.97,r,18.3136,-16.49,>77.041,>24.98,52.061,SN II,0.02,26.28595983,0.147
ZTF19abqmpsr,556206200025002,SN2019oml,03:00:20.27,+18:44:37.0,726.0,r,17.2369,-19.04,25.492,7.052,18.44,SN Ia,0.033,-34.50244161,0.603
ZTF19abqjypm,338213400002592,SN2019onp,21:00:02.85,-14:21:52.9,723.76,g,18.3959,-19.51,26.346,8.919,17.427,SN Ia,0.082,-34.88601396,0.109
ZTF19abpzuzd,551212100004788,SN2019okb,00:25:44.69,+20:16:39.8,727.9,g,17.6465,-19.82,26.228,10.253,15.975,SN Ia,0.064,-42.18734897,0.203
ZTF19abpbqor,682203200031114,SN2019ner,17:39:26.89,+31:14:36.2,725.75,r,18.3311,-18.61,25.921,16.969,8.952,SN Ia,0.053,28.13901713,0.159
ZTF19aboxjlj,733203400038067,SN2019nwn,22:28:51.89,+36:56:02.0,715.87,r,18.6541,-19.01,29.178,8.103,21.075,SN Ia,0.07,-17.70529133,0.285
ZTF19abnagzk,772209300048300,SN2019osn,23:44:34.84,+48:21:31.5,715.87,r,18.8761,-19.42,24.079,13.088,10.991,SN Ia,0.09,-13.0388926,0.38
ZTF19ablrkfz,678206400002549,SN2019ntl,15:46:46.93,+32:07:43.7,708.66,g,18.9504,-19.41,25.093,8.059,17.034,SN Ia,0.103,51.82807756,0.065
ZTF19ablpfhz,654214200017612,SN2019mgb,03:12:55.61,+36:23:37.1,709.91,r,18.2869,-19.38,24.346,12.124,12.222,SN Ia,0.06,-18.27702471,0.697
ZTF19ablovot,398202300022646,SN2019mga,01:06:07.77,-06:08:44.9,712.9,r,17.4016,-19.07,20.527,11.644,8.883,SN Ia,0.04,-68.72862856,0.331
ZTF19ablojrw,775206300011467,SN2019mom,01:55:36.52,+53:35:30.8,703.95,r,18.6487,-18.42,18.413,5.717,12.696,SN IIn,0.0488,-8.08735598,0.525
ZTF19ablesob,550216100014668,SN2019moc,23:55:45.94,+21:57:19.7,712.88,r,18.0723,-19.00,21.221,12.706,8.515,SN Ic-BL,0.0558,-39.10323341,0.171
ZTF19abkftvd,300206300022161,SN2021zqo,02:59:06.07,-18:40:17.0,1496.86,g,17.8801,-19.55,32.659,16.657,16.002,SN Ia,0.067,-59.50405012,0.088
ZTF19abkdehm,550207300002286,SN2019mbn,23:58:07.95,+17:46:03.8,709.97,g,18.5519,-19.28,23.6,12.99,10.61,SN Ia,0.08,-43.28020762,0.095
ZTF19abinjcy,848209300013073,SN2019mdw,18:11:05.42,+69:35:33.3,699.81,g,18.8008,-19.05,25.404,8.403,17.001,SN Ia,0.08,28.79780632,0.111
ZTF19abimzvh,736213200000602,SN2019mol,00:26:00.01,+51:22:52.8,703.93,r,18.7626,-19.37,31.284,10.313,20.971,SN Ia,0.08,-11.29051314,0.493
ZTF19abimkwn,733215200042079,SN2019lvi,22:24:46.54,+43:32:58.7,699.93,g,17.5403,-20.03,25.638,7.607,18.031,SN Ia,0.059,-11.72675077,0.434
ZTF19abiietd,584215100022430,SN2019ltw,16:18:38.53,+21:58:22.8,712.74,r,14.8951,-19.46,29.986,18.044,11.942,SN II,0.016,42.9219011,0.195
ZTF19abhztqq,796209300026081,SN2019lsp,17:28:00.98,+55:23:00.3,700.81,g,18.9248,-19.41,28.214,13.251,14.963,SN Ia,0.1,33.72851561,0.099
ZTF19abhphah,766216200021672,SN2019lur,19:10:25.86,+50:34:14.1,698.79,r,18.8897,-19.25,24.628,9.408,15.22,SN Ia,0.09,17.78330043,0.192
ZTF19abgsyrp,588206100039031,SN2019lsc,18:22:30.86,+18:34:01.5,697.68,r,17.5936,-18.83,27.955,9.809,18.146,SN Ia,0.035,14.5594002,0.63
ZTF19abgpgyp,681212400019177,SN2019lkw,17:05:09.10,+33:26:33.2,694.73,g,17.7227,-19.78,49.937,9.961,39.976,SN II,0.07,35.69637142,0.063
ZTF19abgncfz,821204400008335,SN2019liw,13:25:45.59,+59:01:07.1,684.76,g,18.7017,-18.86,28.979,7.028,21.951,SN II,0.073,57.55794043,0.035
ZTF19abgmxwn,290213200010789,SN2019mbx,22:15:08.61,-21:10:19.3,690.9,r,18.5876,-19.21,20.438,9.498,10.94,SN Ia,0.08,-53.9964153,0.096
ZTF19abgmkef,603216100001154,SN2019lev,01:22:57.56,+29:41:08.8,682.99,g,18.6663,-18.65,25.11,4.125,20.985,SN II,0.06,-32.68737886,0.189
ZTF19abgjlef,551207300019684,SN2019lky,00:29:47.67,+17:33:26.7,691.9,r,18.4914,-18.72,19.235,10.18,9.055,SN Ia,0.058,-45.00697086,0.238
ZTF19abgcbey,725213200018385,SN2019lks,18:10:26.42,+43:45:17.3,694.7,r,18.2971,-19.41,22.499,12.267,10.232,SN Ia,0.075,25.45056207,0.156
ZTF19abfvnns,694215300007877,SN2019lsq,00:04:40.58,+42:52:11.3,709.98,g,18.088,-21.19,44.594,20.629,23.965,SLSN-I,0.14,-19.17893398,0.261
ZTF19abecaca,676210400028720,SN2019kud,14:44:29.72,+33:59:10.0,698.68,r,16.4411,-19.32,>84.957,22.027,>62.93,SN IIn,0.03241,64.80459931,0.04
ZTF19abdviwl,585210200010759,SN2019krt,16:52:54.76,+20:43:03.5,692.72,g,18.2743,-17.48,63.786,18.57,45.216,SN IIn,0.03,34.95146757,0.159
ZTF19abdkgwo,697202400022330,SN2019khb,02:00:30.89,+37:03:03.1,697.93,r,17.9733,-20.32,73.951,27.975,45.976,SN II,0.098,-23.79948276,0.156
ZTF19abdkgns,651211100024810,SN2019kpo,01:32:25.30,+34:30:05.7,682.99,g,18.3728,-19.63,25.194,13.247,11.947,SN Ia,0.0862,-27.61111212,0.099
ZTF19abcvrpm,722201400015806,SN2019kvl,16:30:01.29,+36:57:52.9,681.68,g,18.7362,-19.51,23.417,10.382,13.035,SN Ia,0.1,43.28763831,0.031
ZTF19abcncdg,428203100010902,SN2019kbq,15:07:30.31,-05:27:24.0,680.67,g,18.559,-19.71,18.651,8.63,10.021,SN Ia,0.09,43.70803136,0.241
ZTF19abcejoa,346204400012061,SN2019kgs,00:39:51.92,-13:15:58.6,673.98,g,18.638,-19.41,23.56,7.967,15.593,SN Ia,0.09,-75.87637629,0.054
ZTF19abcegvm,342216400007049,SN2019jyn,22:30:20.32,-14:52:04.2,720.88,r,18.1619,-19.46,91.336,52.702,38.634,SN Ic,0.073,-55.01009756,0.127
ZTF19abauylg,483216300015890,SN2019ieh,16:42:10.83,+06:59:02.4,672.71,r,16.6989,-19.93,21.655,9.682,11.973,SN Ic,0.044,31.84819033,0.277
ZTF19abasxkg,696201200023483,SN2019ibb,01:33:41.17,+38:01:17.0,669.97,g,16.8505,-19.38,21.972,9.781,12.191,SN Ia,0.038,-24.10238562,0.123
ZTF19abakjao,718203400015960,SN2019iei,13:56:07.20,+37:33:51.6,670.69,g,18.006,-19.11,21.233,8.659,12.574,SN Ia,0.06,72.85231365,0.031
ZTF19abajuqh,493213300012325,SN2019ibd,21:41:46.20,+07:12:09.5,669.92,r,17.9207,-19.55,26.054,13.399,12.655,SN Ia,0.068,-32.70357287,0.139
ZTF19aayxlma,681214300012623,SN2019hoc,17:16:24.95,+36:06:50.8,711.78,r,18.4646,-17.83,>12.05,>0,>12.05,SN Ia,0.04,33.94411685,0.126
ZTF19aayvylv,651207300025515,SN2019hrx,01:30:19.66,+31:48:18.5,667.98,r,18.2924,-19.26,30.155,18.592,11.563,SN Ia,0.071,-30.34256296,0.117
ZTF19aayfaum,763209300010465,SN2019hez,17:49:43.96,+48:27:35.9,657.86,r,16.3032,-17.21,26.237,8.309,17.928,SN Ia,0.0113,29.88713228,0.094
ZTF19aawwlxc,678211100012497,SN2019gbu,15:37:48.05,+34:55:16.7,650.76,r,18.1114,-18.86,27.637,15.646,11.991,SN Ia-91T,0.0557,53.78472056,0.063
ZTF19aawqckx,848210400036149,SN2019gxi,18:02:17.22,+69:52:55.2,651.95,g,17.033,-18.94,20.544,9.607,10.937,SN Ia,0.034,29.55860121,0.11
ZTF19aawnqoj,480211100000774,SN2019gxg,15:32:51.51,+06:17:40.6,652.67,g,18.1053,-19.49,24.768,12.081,12.687,SN Ia,0.07,46.39545427,0.146
ZTF19aawfkeg,387205100032264,SN2019ght,20:19:39.48,-10:12:38.6,650.98,g,18.5392,-18.37,30.063,18.574,11.489,SN II,0.047,-24.18755492,0.298
ZTF19aawafvn,676203400011467,SN2019gwb,14:37:15.61,+30:09:57.0,653.77,g,18.0589,-19.53,25.074,14.823,10.251,SN Ia,0.074,66.63794374,0.039
ZTF19aavmlqh,534205100004061,SN2019gbq,16:52:41.52,+11:22:53.0,638.85,g,18.6155,-19.28,25.448,8.123,17.325,SN Ia,0.08,31.47230744,0.151
ZTF19aavlnjz,477207100000429,SN2019gcu,14:10:02.58,+04:25:47.3,633.75,g,18.6971,-19.24,35.04,10.645,24.395,SN Ia,0.085,60.55963414,0.069
ZTF19aavjukt,763209300033941,SN2019hgy,17:48:20.50,+48:12:07.0,663.83,r,17.7584,-18.29,73.592,17.753,55.839,SN IIn,0.036,30.07885664,0.105
ZTF19aavidqf,764208200024609,SN2019gbh,17:52:15.66,+47:16:04.0,641.72,g,18.5344,-19.74,23.866,9.779,14.087,SN Ia-91T,0.098,29.28462345,0.091
ZTF19aauvjws,672215400002916,SN2019fyf,12:31:57.73,+35:51:13.7,632.68,r,18.2936,-19.79,30.554,11.714,18.84,SN Ia,0.09351,80.34094162,0.027
ZTF19aaurhox,722213400023334,SN2019fju,16:32:03.97,+42:30:42.1,632.85,g,18.0936,-19.36,25.393,12.072,13.321,SN Ia,0.07,43.07426169,0.024
ZTF19aaupkev,720201400018430,SN2019flf,15:21:26.52,+37:27:16.5,632.85,g,18.2772,-19.76,34.499,13.642,20.857,SN Ia,0.09,56.90847696,0.045
ZTF19aaumvig,633206100018732,SN2019fdf,16:37:48.25,+25:47:22.1,632.83,r,17.7679,-18.95,23.975,13.616,10.359,SN Ia,0.049,39.76249611,0.095
ZTF19aathllr,586211300014700,SN2019eji,17:14:26.02,+19:48:39.4,616.9,r,18.3942,-18.61,32.346,10.406,21.94,SN II,0.055,29.89794912,0.134
ZTF19aatgwhs,724205400030251,SN2019eiy,17:40:53.83,+38:44:07.4,616.97,g,17.0234,-19.36,22.884,6.967,15.917,SN Ia,0.04102,29.71217161,0.113
ZTF19aatgrxv,623207300013528,SN2019ens,11:29:42.60,+24:38:24.7,612.67,g,17.6961,-18.55,26.149,5.115,21.034,SN Ia,0.04,71.47124997,0.047
ZTF19aariwpf,476216300003599,SN2019duj,13:29:32.22,+07:00:18.3,606.75,r,18.6646,-18.89,32.105,18.615,13.49,SN Ia,0.072,67.93788257,0.081
ZTF19aarfyvc,794211100028675,SN2019dwa,15:38:57.47,+56:36:18.1,619.83,r,18.6317,-19.37,32.818,19.824,12.994,SN Ic,0.09,48.19531029,0.031
ZTF19aaraxhh,821212300035656,SN2019duf,13:21:28.26,+62:52:31.1,602.78,r,17.8476,-18.47,28.837,9.478,19.359,SN Ia,0.04129,53.91328301,0.06
ZTF19aaqxcfs,751202100009757,SN2019drk,09:56:58.09,+45:13:44.4,600.7,g,18.1339,-19.64,24.612,8.593,16.019,SN Ia,0.08,51.03160927,0.046
ZTF19aaqtcmy,795208100015709,SN2019duu,16:13:11.27,+54:47:17.8,596.95,g,18.2994,-19.16,23.052,5.311,17.741,SN Ia,0.07,44.37877546,0.03
ZTF19aapvogv,427204300009848,SN2019dxp,14:30:12.96,-05:41:59.2,597.8,g,18.541,-19.36,34.169,7.738,26.431,SN Ia,0.081,49.40361254,0.125
ZTF19aapfktd,424210200031738,SN2019dfv,13:19:30.34,-00:59:31.9,596.73,g,18.211,-19.85,36.563,11.629,24.934,SN Ia,0.09,61.07967721,0.067
ZTF19aaozsuh,427212200020399,SN2019dde,14:28:12.03,-01:36:15.0,597.86,r,17.4162,-19.67,39.842,15.881,23.961,SN IIn,0.057,53.01110198,0.142
ZTF19aaozplq,718211100018810,SN2019dee,13:54:12.07,+41:58:32.5,592.92,g,18.6271,-19.61,23.241,9.3,13.941,SN Ia,0.1,70.38270375,0.018
ZTF19aanxosu,679216200009774,SN2019dat,15:55:58.38,+36:42:23.9,592.95,g,18.2823,-19.50,27.163,12.549,14.614,SN Ia,0.08,50.08480575,0.056
ZTF19aanpcep,720210300025631,SN2019cmy,15:08:50.84,+40:42:49.4,575.85,g,17.9029,-17.81,21.651,4.66,16.991,SN II,0.0314,58.6892734,0.038
ZTF19aanovps,846201200020846,SN2019cpo,15:48:06.06,+66:54:09.0,584.87,r,18.5628,-17.44,67.62,24.544,43.076,SN II,0.035,42.05792171,0.12
ZTF19aanmdsr,796210300005313,SN2019cng,17:12:08.81,+55:18:24.5,587.93,r,18.7476,-20.01,32.109,19.471,12.638,SN Ia,0.125,35.98546642,0.055
ZTF19aanirdx,825204300026236,SN2019cmx,16:55:00.58,+58:55:22.6,580.95,g,18.4854,-19.59,27.722,11.746,15.976,SN Ia,0.092,37.88039965,0.044
ZTF19aanijpu,528214200035102,SN2019cri,13:54:02.72,+14:43:47.0,616.8,r,17.4986,-19.24,68.866,35.939,32.927,SN Ic,0.05,70.86699239,0.067
ZTF19aangier,790202100034350,SN2019cea,12:54:59.58,+52:13:48.6,575.81,g,17.7907,-19.35,25.676,11.266,14.41,SN Ia,0.0604,64.8893608,0.035
ZTF19aanbfaw,708209300003207,SN2019cae,08:25:02.93,+41:03:05.6,575.7,g,17.9467,-19.29,27.264,11.311,15.953,SN Ia,0.06,34.47461623,0.129
ZTF19aamrais,683202200008908,SN2019cqc,18:21:43.05,+30:59:33.5,608.89,r,18.4655,-20.37,>82.897,>40.88,42.017,SLSN-II,0.1173,19.47891579,0.32
ZTF19aamkmxv,864214300007074,SN2019bxq,16:57:58.51,+78:36:13.6,573.92,r,16.5433,-17.47,57.248,13.342,43.906,SN IIn,0.014,32.04225212,0.137
ZTF19aamhhyo,675208200015943,SN2019bxa,13:52:38.42,+33:05:07.8,567.78,g,18.5588,-19.22,21.515,8.82,12.695,SN Ia,0.08,75.50488926,0.047
ZTF19aamhhey,793207200036314,SN2019bum,14:49:47.77,+54:48:46.9,567.91,g,17.1462,-19.34,26.37,10.425,15.945,SN Ia,0.045,54.94838178,0.03
ZTF19aamhhae,792207100009856,SN2019buj,14:10:43.48,+54:36:50.4,567.91,g,17.4045,-18.84,26.738,7.789,18.949,SN Ia,0.04,58.93609783,0.04
ZTF19aamhgwm,674212100037848,SN2019bvs,13:25:49.16,+34:29:21.9,572.86,r,18.0786,-17.80,43.756,16.67,27.086,SN II,0.03422,79.58361236,0.032
ZTF19aambfxc,848207400004506,SN2020aewj,17:41:43.11,+67:57:42.6,891.97,g,17.5867,-19.45,23.461,11.406,12.055,SN Ia,0.055,31.5134496,0.118
ZTF19aalzmio,628214100016458,SN2019bpe,14:08:44.46,+29:03:02.0,559.86,g,17.8314,-19.81,26.545,5.517,21.028,SN Ia,0.075,72.86200987,0.053
ZTF19aalveag,672208400038477,SN2019bpf,12:21:41.25,+31:42:31.7,559.82,g,18.0973,-18.65,21.649,8.658,12.991,SN Ia,0.05,82.06939973,0.054
ZTF19aalsnbp,719206400011472,SN2019bmj,14:41:10.00,+39:04:20.6,547.91,g,18.5689,-18.15,24.602,2.667,21.935,SN II,0.05,64.24482734,0.03
ZTF19aakzwao,626214400035220,SN2019bkh,13:08:57.37,+28:16:52.5,559.85,g,16.1039,-18.55,25.552,12.601,12.951,SN Ia,0.01951,85.9551227,0.028
ZTF19aakjbej,671216100010918,SN2019bgk,11:50:56.06,+36:30:15.2,538.82,g,18.6669,-19.37,18.006,5.958,12.048,SN Ia,0.0896,74.12405659,0.058
ZTF19aakiyly,629203100022441,SN2019avy,14:31:20.85,+23:25:20.2,541.92,g,18.0235,-19.51,24.526,9.507,15.019,SN Ia,0.07,67.15092051,0.087
ZTF19aajxwnz,813212400028659,SN2019bek,06:17:30.45,+62:29:27.9,547.67,r,15.2395,-19.21,27.28,12.756,14.524,SN Ia,0.015,20.10824991,0.478
ZTF19aailltc,671213400001905,SN2019avn,12:16:11.68,+35:57:17.2,538.86,r,18.5154,-19.44,38.727,9.833,28.894,SN Ia,0.088,78.42314595,0.036
ZTF19aafmyow,761206100034655,SN2019bjv,16:25:38.64,+47:26:14.1,539.01,r,16.9621,-18.35,40.642,19.202,21.44,SN Ic,0.0265,43.90706068,0.024
ZTF19aafljiq,574211300027730,SN2019afz,11:27:25.61,+19:23:52.1,606.74,r,17.7108,-20.67,122.063,64.224,57.839,SLSN-II,0.106,69.25078927,0.049
ZTF19aaezwmr,564207400030159,SN2019anw,06:48:08.47,+17:29:41.6,526.71,r,17.996,-19.58,29.46,8.945,20.515,SN Ia,0.064,7.17330521,0.416
ZTF19aaeoqkk,677212300027338,SN2019abg,14:56:11.08,+33:28:05.1,523.02,g,18.2944,-19.18,31.184,15.346,15.838,SN Ia,0.07,62.44826759,0.046
ZTF19aaekvhn,859206100020898,SN2019bac,09:07:23.08,+75:46:52.0,523.7,r,18.19,-18.97,22.109,10.63,11.479,SN Ia,0.061,34.34787564,0.046
ZTF19aadnmgf,570215100004453,SN2019bly,09:39:28.25,+22:09:43.4,513.88,g,18.0998,-19.71,35.04,7.795,27.245,SN Ia,0.08,46.35418329,0.076
ZTF19aacivvy,583201300021986,SN2019pe,16:01:21.05,+15:26:39.8,502.98,g,16.5797,-19.12,24.891,11.75,13.141,SN Ia,0.03,44.52543055,0.111
ZTF19aabyppp,574213300009309,SN2019kg,11:42:45.74,+21:42:53.3,511.88,r,16.6968,-19.38,22.859,11.548,11.311,SN Ia,0.037,73.47491523,0.062
ZTF19aaagfme,497215300010156,SN2022okv,23:19:48.11,+07:06:02.2,1773.96,r,17.9917,-18.96,28.221,8.577,19.644,SN Ia,0.055,54.53572324,0.072
ZTF19aaadwfi,752210400015819,SN2018lnb,10:38:32.75,+48:16:31.1,538.78,g,18.2381,-21.79,71.728,34.302,37.426,SLSN-II,0.222,56.70321111,0.036
ZTF18adaylyq,617211300018609,SN2018lak,08:29:23.11,+26:30:58.2,493.98,r,18.2033,-19.01,29.99,13.059,16.931,SN Ia,0.06,32.25293195,0.155
ZTF18adaslwa,614210300012392,SN2018kyi,07:07:09.51,+26:19:29.6,488.75,g,16.6173,-19.04,25.538,8.623,16.915,SN Ia,0.028,14.88541421,0.2
ZTF18adaimlf,556206200009810,SN2018kwt,03:03:17.39,+18:31:55.1,486.64,r,18.7368,-19.21,32.01,13.792,18.218,SN Ia,0.0735,-34.26846358,0.496
ZTF18aczeesl,759212400003707,SN2018kmu,14:41:32.92,+48:12:14.3,481.03,g,16.2859,-18.24,25.028,9.026,16.002,SN Ia,0.018,59.991832,0.061
ZTF18acyxnyw,790212100011207,SN2018kyt,12:27:56.24,+56:23:35.5,509.05,g,18.241,-20.18,44.247,27.836,16.411,SLSN-I,0.108,60.43330785,0.028
ZTF18acynmcp,397215300034472,SN2018kil,00:29:09.23,-00:06:19.3,472.68,g,18.04,-19.41,22.247,7.317,14.93,SN Ia,0.0686,-62.45165793,0.06
ZTF18acybdar,671212200013141,SN2018kku,11:44:20.01,+34:30:52.9,487.04,g,17.8315,-19.70,24.283,9.713,14.57,SN Ia,0.0713,73.8405918,0.055
ZTF18acvwbos,822216100015740,SN2018kbe,14:16:27.53,+65:31:30.5,477.03,r,17.119,-18.49,22.793,12.79,10.003,SN Ia,0.03,49.34505189,0.049
ZTF18acvgjqv,785203200021897,SN2018khn,08:56:18.01,+52:32:58.0,514.91,r,18.7073,-19.34,99.749,41.946,57.803,SN IIn,0.091,39.97615563,0.049
ZTF18acuscgc,747214300012424,SN2018jvy,07:24:30.58,+49:57:57.0,474.83,r,18.6929,-18.95,24.188,11.931,12.257,SN Ia,0.07,25.55988599,0.258
ZTF18acsyanq,502207200008369,SN2018jpo,01:23:50.92,+10:51:32.3,472.67,g,17.5958,-19.67,21.034,10.465,10.569,SN Ia,0.06,-51.20758741,0.155
ZTF18acslbve,553202200010935,SN2018jpk,01:36:14.54,+16:42:04.9,475.65,r,18.3505,-18.55,29.2,17.005,12.195,SN Ia,0.05,-44.84272641,0.26
ZTF18acnnevs,789212300014493,SN2018lng,11:36:40.38,+55:10:12.5,506.04,r,18.5956,-21.09,104.145,37.413,66.732,SLSN-II,0.191,58.84786536,0.037
ZTF18acnbgpw,717209300001003,SN2018iqo,13:37:48.82,+41:21:52.1,451.01,g,17.6172,-19.30,>29.162,>12.99,16.172,SN Ia-91T,0.055,72.874539,0.019
ZTF18acmyxfx,405201300001597,SN2018itr,04:30:18.82,-05:42:11.1,447.88,r,18.459,-18.73,34.53,6.563,27.967,SN Ia,0.06,-33.83580646,0.123
ZTF18accnlji,666211400016528,SN2018imv,09:21:12.13,+33:43:22.1,439.87,r,18.7028,-19.32,25.41,12.172,13.238,SN Ia,0.09,44.68212824,0.055
ZTF18acbxsge,397202100020728,SN2018huw,00:39:12.22,-05:12:02.5,443.84,r,16.6615,-19.35,28.275,12.572,15.703,SN Ia,0.034,-67.87947606,0.212
ZTF18acbxmvy,599214300013796,SN2018hzd,23:37:00.95,+21:25:53.3,437.73,g,17.9445,-18.89,32.303,11.435,20.868,SN Ia,0.05,-38.20962105,0.123
ZTF18acbwaxk,820204300022270,SN2018hna,12:26:12.08,+58:18:50.8,503.03,r,13.9583,-16.13,61.205,48.696,12.509,SN II,0.0024,58.50239359,0.031
ZTF18abzzkyg,301212200010696,SN2022aakg,03:11:47.54,-15:46:07.1,1910.72,g,18.4256,-19.57,23.436,11.946,11.49,SN Ia,0.085,-55.56361312,0.118
ZTF18abukavn,723211300005112,SN2018gep,16:43:48.20,+41:02:43.3,374.7,g,15.9301,-19.81,9.325,3.233,6.092,SN Ic-BL,0.032,40.85979056,0.029
ZTF18abrzeym,635202300028414,SN2018ftt,17:36:27.05,+22:29:26.0,373.65,r,18.4246,-18.69,19.487,9.493,9.994,SN Ia,0.056,26.02124853,0.216
ZTF18abqyvzy,648211100028029,SN2018fpb,23:59:42.81,+34:20:39.9,376.86,r,16.3394,-17.84,33.165,15.782,17.383,SN II,0.0148,-27.31876061,0.19
ZTF18abpmmpo,723215400005033,SN2018fnd,16:47:54.59,+42:58:07.7,365.72,g,18.1241,-19.51,25.429,7.973,17.456,SN Ia,0.075,40.16995473,0.049
ZTF18abojpnr,828203200024273,SN2018fzn,19:49:56.92,+59:35:33.9,374.83,r,18.716,-17.53,29.145,15.068,14.077,SN IIb,0.0375,16.2308781,0.229
ZTF18abmxfrc,634208100013151,SN2018fin,16:51:00.82,+25:52:33.5,359.71,r,18.1032,-19.17,29.645,10.779,18.866,SN Ia,0.06,36.91758955,0.226
ZTF18abmxdhb,825216200012251,SN2018fjv,16:45:29.82,+65:14:20.3,359.64,g,18.3037,-19.19,25.653,7.597,18.056,SN Ia,0.07,37.49900101,0.062
ZTF18ablrljh,633202300009284,SN2018ert,16:35:22.53,+22:28:06.3,346.68,r,18.8561,-19.34,20.362,13.323,7.039,SN Ia,0.094,39.37171353,0.145
ZTF18ablqjul,720202200008805,SN2018exh,15:07:39.13,+38:12:49.1,353.66,r,18.8398,-19.41,>39.428,14.458,>24.97,SN Ia,0.1,59.47730398,0.043
ZTF18abkhcrj,634206300017796,SN2018emi,17:06:36.32,+24:32:43.1,343.66,r,17.4105,-18.80,25.771,10.314,15.457,SN Ia,0.03823,33.15817212,0.141
ZTF18abimhfu,679208400042291,SN2018efj,16:00:34.14,+31:38:34.6,322.69,g,18.7819,-17.99,17.575,3.537,14.038,SN II,0.05,48.86962251,0.07
ZTF18abhgrff,846208300036144,SN2020bun,14:52:27.79,+67:27:17.7,890.99,r,18.5937,-19.70,16.685,4.956,11.729,SN Ia-91T,0.102,45.71588021,0.045
ZTF18abhbqbh,846210300004770,SN2020kwk,15:27:41.37,+69:49:43.5,1004.77,r,18.147,-18.67,24.425,9.569,14.856,SN Ia,0.052,41.78257314,0.059
ZTF18abgrbjb,798204300012865,SN2018efd,18:19:59.66,+51:47:47.3,326.82,r,18.9168,-16.73,12.563,10.466,2.097,SN IIb,0.03,25.6964238,0.095
ZTF18abfzhct,762202200038305,SN2018dxt,16:58:53.61,+45:17:19.9,325.74,r,17.8832,-18.35,21.176,11.196,9.98,SN Ic,0.04,38.26635894,0.049
ZTF18abfgygp,798208200013144,SN2018ead,18:17:21.46,+54:32:14.7,323.89,g,18.0213,-19.54,23.166,11.361,11.805,SN Ia,0.07,26.60895316,0.114
ZTF18abffyqp,762203100020850,SN2018dfi,16:50:50.08,+45:23:52.4,308.72,g,18.1386,-17.59,7.182,1.117,6.065,SN II,0.03130,39.68391077,0.06
ZTF18abfeyey,796215400005293,SN2021sxf,17:10:10.76,+57:17:43.5,1414.76,g,18.5231,-19.50,22.01,6.984,15.026,SN Ia,0.089,36.1081859,0.06
ZTF18abfcmjw,763214300000693,SN2019dge,17:36:46.74,+50:32:52.1,584.96,g,18.6412,-16.26,11.334,2.456,8.878,SN Ib,0.0213,32.2137194,0.069
ZTF18abfchzq,683215300000752,SN2022shv,18:11:30.56,+36:10:26.4,1830.67,g,18.281,-19.40,22.498,11.032,11.466,SN Ia,0.074,23.1833252,0.115
ZTF18abetewu,758205300004872,SN2018dye,14:29:14.16,+46:03:03.0,322.75,r,18.5461,-19.12,21.62,12.621,8.999,SN Ia,0.077,62.94493106,0.04
ZTF18abdkimx,824206300020810,SN2018dyq,16:31:11.00,+60:35:51.8,312.83,g,18.4892,-19.28,21.528,8.047,13.481,SN Ia,0.08,40.41076113,0.042
ZTF18abdfwur,824215100027515,SN2018eps,16:20:43.15,+65:38:20.8,308.7,g,18.4135,-19.10,20.317,7.74,12.577,SN Ia,0.07,39.77532992,0.071
ZTF18abcyilc,843206100004179,SN2018dyc,12:16:11.63,+68:33:30.2,312.72,r,18.9664,-18.15,>26.678,17.678,>9,SN Ia-pec,0.06,48.23861458,0.042
ZTF18abcfdzu,794208200022136,SN2018dfa,15:20:52.11,+54:12:55.9,350.68,r,18.7639,-19.97,>93.013,54.063,>38.95,SN IIP,0.125,51.58773655,0.032
ZTF18abceakp,821213200008744,SN2018cvi,14:08:12.48,+65:38:15.9,303.71,g,18.0295,-17.58,17.405,8.262,9.143,SN II,0.03,49.64981773,0.039
ZTF18abavruc,534212200013563,SN2013ld,16:26:42.91,+13:06:49.8,1406.71,g,16.5637,-19.03,19.67,7.611,12.059,SN Ia,0.028,37.96252461,0.148
ZTF18abauprj,762206200028741,SN2018cnw,16:59:05.03,+47:14:11.1,299.69,g,15.5681,-19.93,26.61,8.113,18.497,SN Ia-91T,0.028,38.26377495,0.074
ZTF18aazixbw,795211200035931,SN2018coi,16:18:57.97,+56:43:00.7,293.7,g,18.2918,-18.81,22.027,10.036,11.991,SN Ia,0.0594,43.05295984,0.029
ZTF18aaxwjmp,825208200022152,SN2018coe,16:51:37.36,+61:32:43.3,290.7,g,18.6893,-19.15,23.712,11.884,11.828,SN Ia,0.08,37.77977186,0.097
ZTF18aaxkjmm,678214300021529,SN2018cng,15:45:29.12,+35:51:18.7,278.77,r,18.2341,-19.12,25.199,9.953,15.246,SN Ia,0.0661,52.20647138,0.069
ZTF18aawmeiw,825213400025002,SN2022wen,17:47:14.67,+64:15:50.3,1867.66,r,17.1501,-18.89,25.688,12.657,13.031,SN Ia,0.036,31.17070002,0.09
ZTF18aatmlsy,722203100027427,SN2022gnc,16:13:06.14,+38:03:52.0,1685.85,r,17.2804,-18.32,23.523,11.363,12.16,SN Ia,0.03,46.68813872,0.042
ZTF18aasyjhd,629209100013790,SN2022lvm,14:49:17.63,+27:16:47.9,1773.83,r,18.8068,-20.27,>65.913,34.063,>31.85,SN II,0.143,63.856406,0.082
ZTF18aasdted,825202200015692,SN2018big,17:25:39.15,+59:26:48.3,266.82,r,15.7176,-18.82,25.384,11.255,14.129,SN Ia,0.01815,33.92401221,0.082
ZTF18aaqqoqs,757205200031717,SN2018cbh,13:51:52.89,+47:15:25.1,261.74,g,18.3035,-19.47,24.21,8.527,15.683,SN Ia-91T,0.08,66.64074541,0.044
ZTF18aaqpeoq,822210200027167,SN2022joa,14:47:06.21,+63:13:54.1,1713.93,g,18.3567,-19.31,>17.917,>6.12,11.797,SN Ia,0.07544,49.28662497,0.063
ZTF18aaqkcso,717201200001239,SN2019fck,13:36:13.01,+38:21:18.1,628.73,g,14.4015,-20.30,24.362,5.831,18.531,SN Ia,0.02,75.3719551,0.019
ZTF18aaqedfj,627209300005684,SN2018bff,13:45:25.21,+26:25:27.2,242.77,r,18.1144,-19.09,27.8,4.738,23.062,SN Ia,0.0623,77.9368096,0.04
ZTF18aapictz,624211200030750,SN2018bdg,11:59:37.00,+27:31:50.0,254.69,r,18.1307,-19.90,33.102,15.403,17.699,SN Ia-91T,0.09,78.48894396,0.061
ZTF18aajpjdi,626209100000489,SN2018bfx,13:18:06.62,+27:52:24.2,245.71,r,18.4652,-19.13,39.856,18.904,20.952,SN Ia,0.0746,84.03940648,0.04
ZTF18aaiykoz,722208200037450,SN2020mcc,15:57:59.50,+40:02:02.1,1025.74,g,16.0541,-19.60,25.142,10.795,14.347,SN Ia,0.0305,49.56850401,0.043
ZTF18aadsuxd,665208300006727,SN2020yui,08:38:08.15,+31:40:04.5,1168.99,g,16.9233,-18.85,24.857,7.911,16.946,SN II,0.03057,35.41088871,0.14
